object_class,mean_wrist_dist,min_wrist_dist,max_wrist_near_sec,mean_face_dist,min_face_dist,max_face_near_sec,mean_shoulder_dist,min_shoulder_dist,mean_hip_dist,min_hip_dist,mean_knee_dist,min_knee_dist,obj_width_norm,obj_height_norm,openable,cuttable,pourable,containable,supportable,holdable
unknown,0.022677215944336897,0.0,0.26666666666666666,0.11179434263260782,0.08703532603134262,0.26666666666666666,0.15633053781713738,0.13270243496091055,0.46568906072313465,0.4421275511602268,0.703587356139674,0.6853415056239942,0.16640625,0.221875,0,0,0,0,0,1
unknown,0.12217602517733049,0.07702939101656804,0.23333333333333334,0.1340922250128545,0.1160048148709309,0.23333333333333334,0.2746828239089392,0.2587713756795661,0.392382287788764,0.37826807540337654,0.5157951313942101,0.5027109463240796,0.27499999999999997,0.36666666666666664,1,0,0,0,1,0
unknown,0.0,0.0,0.2,0.1551772286946845,0.13244051775711435,0.2,0.26012993587928196,0.22340484636817062,0.40410850567178924,0.36777036893543025,0.5487945538968816,0.5178875209574871,0.2994791666666667,0.3993055555555555,1,0,1,0,1,0
unknown,0.11022098490859311,0.027402000079888546,0.3,0.15245980927411854,0.12825093987031497,0.3,0.2646340777994763,0.24533682648195765,0.3741201884769034,0.35207444177365244,0.503366867198383,0.46705445428627185,0.2819444444444444,0.37592592592592594,1,0,0,0,1,0
unknown,0.006247839666669597,0.0,0.23333333333333334,0.1608851534984159,0.12415711420566498,0.23333333333333334,0.26956872437357104,0.24766243433190102,0.39393029306539257,0.35122278833656223,0.5016616978642868,0.47170027187085284,0.3125,0.4166666666666667,1,0,1,0,1,0
unknown,0.09516252071748865,0.056138692904794216,0.3,0.18382121972459087,0.07006878166403481,0.3,0.28978112122505195,0.2132183703081421,0.3660982659327851,0.33786506000428235,0.4956436199557127,0.47843392189248257,0.28645833333333326,0.3819444444444444,1,0,0,0,1,0
unknown,0.0,0.0,0.16666666666666666,0.16367956766571237,0.157200440600194,0.16666666666666666,0.2672708104270502,0.24784697630331753,0.3972720383927776,0.3583063145628653,0.5334111237581796,0.5154110360853781,0.305,0.4066666666666666,1,0,1,0,1,0
unknown,0.10229973053162471,0.06788225639864741,0.2,0.1771395912241114,0.0785043715619508,0.2,0.2842614448473902,0.22626259410632965,0.35644541716668593,0.32978332257374654,0.4929153054464103,0.4775671933762164,0.290625,0.3875,1,0,0,0,1,0
unknown,0.17181446233678535,0.08711814738985425,0.1,0.0,0.0,0.16666666666666666,0.13894476565009334,0.10260640276912658,0.5087198745367022,0.47294302167864616,0.7475969786189924,0.7018227206374864,0.13562500000000002,0.18083333333333335,0,0,0,0,0,1
unknown,0.0,0.0,0.2,0.09411084233037442,0.08295460289112781,0.2,0.08555854016199738,0.0780521096148193,0.14407009145954805,0.13406576779749083,0.2960444846779175,0.27330657392306135,0.14427083333333332,0.1923611111111111,0,0,1,1,0,1
unknown,0.10532888031807564,0.09128317006899592,0.2,0.0,0.0,0.2,0.1346590479221335,0.10134810649277493,0.5271600426256028,0.500338649697583,0.7601215516203886,0.7260351254466801,0.13697916666666668,0.18263888888888888,0,0,0,0,0,1
unknown,0.0,0.0,0.1,0.09944768997691034,0.09368994296220205,0.1,0.07309477862232787,0.06510099632451802,0.15109807003742962,0.14315633076021192,0.28239268168258264,0.25853621585765507,0.14270833333333333,0.19027777777777777,0,0,1,1,0,1
unknown,0.0992158642825209,0.09758404847453277,0.1,0.0,0.0,0.1,0.12364117000638068,0.11624288788511944,0.4990284000625332,0.4937784167706409,0.7465888006987017,0.7436649726977931,0.13541666666666666,0.18055555555555555,0,0,0,0,0,1
unknown,0.0,0.0,0.13333333333333333,0.20601569615990722,0.1971529818539073,0.13333333333333333,0.15931492833728816,0.1554463468928717,0.20875873277749124,0.19587873808727468,0.2770442004109894,0.26574719759014487,0.153125,0.20416666666666666,0,0,1,1,0,1
unknown,0.12282958341085837,0.08924748943933888,0.16666666666666666,0.0,0.0,0.16666666666666666,0.11398315020054917,0.10084612926249584,0.5052071598760153,0.48818175105452777,0.7567802179966316,0.7473115695003799,0.145625,0.19416666666666665,0,0,0,0,0,1
unknown,0.0,0.0,0.1,0.2745080103731133,0.2642914000501466,0.06666666666666667,0.18180097106394857,0.16218158918001652,0.23299826590244846,0.21454208821383514,0.18374196407907953,0.1721939693796524,0.1625,0.21666666666666667,0,0,1,1,0,1
unknown,0.04908654687807526,0.0401817828607479,0.06666666666666667,0.0,0.0,0.06666666666666667,0.10426726922545475,0.08164480694587098,0.4928333774456627,0.474409123957023,0.7276337112438507,0.7108104157289972,0.1453125,0.19375,0,0,0,0,0,1
unknown,0.0,0.0,0.1,0.26373702541797617,0.2465734996618711,0.1,0.17067459224599724,0.16112434140562995,0.24074727039473898,0.239361000576444,0.20370722076184747,0.18975664928353445,0.16354166666666667,0.21805555555555556,0,0,1,1,0,1
unknown,0.43606789708182325,0.386955553958781,0.0,0.6706875843013482,0.578362868483351,0.0,0.5036364587413813,0.4136106195223593,0.5004837634130933,0.42073766198291684,999.0,999.0,0.20989583333333336,0.27986111111111117,1,0,0,1,0,1
unknown,0.19139262044104718,0.0,0.1,0.3579657060966257,0.34183130566217623,0.0,0.17933082093656783,0.13329734979674934,0.01819273890270333,0.0,999.0,999.0,0.23020833333333335,0.3069444444444444,0,0,0,0,0,1
unknown,0.2957653560431251,0.007275752047049446,0.13333333333333333,0.5932223864198222,0.27549897542506285,0.03333333333333333,0.44141083014967036,0.16940973215829533,0.47849277113021194,0.2984111676610165,999.0,999.0,0.21008522727272724,0.28011363636363634,1,0,0,1,0,1
unknown,0.0,0.0,0.06666666666666667,0.0,0.0,0.06666666666666667,0.0,0.0,0.11034265694553588,0.10386784222058483,999.0,999.0,0.315625,0.42083333333333334,1,0,0,0,1,0
unknown,0.0,0.0,0.23333333333333334,0.0,0.0,0.23333333333333334,0.0,0.0,0.12280788752192487,0.0997683965793791,999.0,999.0,0.3223214285714286,0.42976190476190473,1,0,1,0,1,0
unknown,0.0,0.0,0.16666666666666666,0.0,0.0,0.16666666666666666,0.0,0.0,0.07550263891930946,0.03992990282535856,399.8309017384882,0.351275830101317,0.42124999999999996,0.5616666666666668,1,0,1,0,1,1
unknown,0.002188891308280569,0.0,0.23333333333333334,0.0,0.0,0.23333333333333334,0.0,0.0,0.1436487441287683,0.1360248712144797,999.0,999.0,0.42812500000000003,0.5708333333333333,1,0,0,0,1,1
unknown,0.0,0.0,0.1,0.0,0.0,0.1,0.016098375539938196,0.0,0.14108837950741648,0.13365606815953449,999.0,999.0,0.3864583333333333,0.5152777777777778,1,0,1,0,1,1
unknown,0.0,0.0,0.03333333333333333,0.0,0.0,0.03333333333333333,0.0,0.0,0.17620084562506408,0.17620084562506408,999.0,999.0,0.315625,0.42083333333333334,1,0,1,0,1,0
unknown,0.0051141165843636,0.0,0.36666666666666664,0.0,0.0,0.36666666666666664,0.0,0.0,0.15651410959100714,0.06650254537330691,908.2131193321756,0.34431265393223365,0.31363636363636366,0.4181818181818182,1,0,0,0,1,0
unknown,0.0,0.0,0.26666666666666666,0.0,0.0,0.26666666666666666,0.0,0.0,0.08227604824692486,0.059258235819115226,499.69659017829633,0.3665243383880061,0.38671875,0.515625,1,0,1,0,1,0
unknown,0.0,0.0,0.36666666666666664,0.0,0.0,0.36666666666666664,0.0,0.0,0.10466351822222629,0.04776681529252451,999.0,999.0,0.396875,0.5291666666666667,1,0,1,0,1,1
unknown,0.0013423865568257093,0.0,0.23333333333333334,0.0,0.0,0.23333333333333334,0.0,0.0,0.15454987193015438,0.12928642615960023,999.0,999.0,0.31428571428571433,0.419047619047619,1,0,0,0,1,0
unknown,0.0,0.0,0.3333333333333333,0.0,0.0,0.3333333333333333,0.0,0.0,0.12215332014312774,0.1014820585234155,999.0,999.0,0.34906249999999994,0.4654166666666667,1,0,1,0,1,0
unknown,0.0013427173070497834,0.0,0.3333333333333333,0.0,0.0,0.3333333333333333,0.0,0.0,0.12218711549491494,0.09011382576250737,999.0,999.0,0.38718749999999996,0.51625,1,0,1,0,1,1
unknown,0.0,0.0,0.2,0.0,0.0,0.2,0.0,0.0,0.12841673081561794,0.11361827564869034,832.576762245221,0.46057347132565635,0.3145833333333333,0.41944444444444445,1,0,0,0,1,0
unknown,0.3177927715930221,0.0,0.23333333333333334,0.5812438294560337,0.23223171451759006,0.06666666666666667,0.41827207819380186,0.09602785116123337,0.3601751711151266,0.0,943.5289107348656,0.5203932275789076,0.23975694444444443,0.3196759259259259,1,0,0,0,1,1
unknown,0.3550553818238368,0.0,0.16666666666666666,0.6223320696001905,0.34787453468058704,0.0,0.45704375603654535,0.20399228279485523,0.32235213755581615,0.0,999.0,999.0,0.1953125,0.26041666666666663,0,0,1,1,0,1
unknown,0.17485014807351845,0.0,0.4,0.5733961561969813,0.3419704813642933,0.0,0.39627560884460084,0.184383904056096,0.22371484112531162,0.0,999.0,999.0,0.2026988636363637,0.27026515151515146,0,0,0,1,1,1
unknown,0.12542586452398224,0.12542586452398224,0.03333333333333333,0.0,0.0,0.03333333333333333,0.0,0.0,0.08681576134048306,0.08681576134048306,0.37862989229661365,0.37862989229661365,0.246875,0.32916666666666666,1,0,0,1,1,0
unknown,0.08628226120077548,0.07043561256251979,0.06666666666666667,0.005995161387395083,0.0,0.06666666666666667,0.0,0.0,0.0728480939128112,0.06912757327998177,0.3657303415281149,0.35779324063665313,0.246875,0.32916666666666666,1,0,0,0,1,0
unknown,0.04772497695696251,0.04772497695696251,0.03333333333333333,0.0,0.0,0.03333333333333333,0.0,0.0,0.061622865718137326,0.061622865718137326,0.33395053952804465,0.33395053952804465,0.246875,0.32916666666666666,1,0,1,0,1,0
unknown,0.01655906776944944,0.0,0.06666666666666667,0.0,0.0,0.06666666666666667,0.0,0.0,0.06264051173330822,0.06051666234394705,0.32019861768389346,0.3165863943501512,0.2609375,0.34791666666666665,1,0,1,0,1,1
unknown,0.1225723296016495,0.11625148678907839,0.1,0.0,0.0,0.1,0.0,0.0,0.07278464493167906,0.06801022974335577,0.3502030736887352,0.3457166878726638,0.24687499999999998,0.32916666666666666,0,0,1,0,1,1
unknown,0.12273220951602581,0.12273220951602581,0.03333333333333333,0.0,0.0,0.03333333333333333,0.0,0.0,0.07884817258266635,0.07884817258266635,0.34543219510966566,0.34543219510966566,0.234375,0.3125,0,0,1,1,1,1
unknown,0.0603424157896358,0.0,0.06666666666666667,0.0,0.0,0.06666666666666667,0.0,0.0,0.06304649713381008,0.06006209202954807,0.3245339524852743,0.32205913553832666,0.25625,0.3416666666666667,1,0,1,1,1,1
unknown,0.0,0.0,0.13333333333333333,0.0,0.0,0.13333333333333333,0.0,0.0,0.08121928565775079,0.07346772725748744,0.3441464777915356,0.3258903233261329,0.25625,0.3416666666666667,1,0,0,0,1,1
unknown,0.10095009917092915,0.06336141350826416,0.16666666666666666,0.1483281522573381,0.01729254134783685,0.16666666666666666,0.22719321257679886,0.0,0.29183214095755405,0.09414457300637803,0.44858715880792666,0.3830665252255703,0.24125000000000002,0.32166666666666666,1,0,0,0,1,0
unknown,0.011921623972999545,0.0,0.06666666666666667,0.18350642516462362,0.17728909352567604,0.06666666666666667,0.2785653214476187,0.26724706217782174,0.3235881255696408,0.3155173307773723,0.45206650560828376,0.44376706538797245,0.240625,0.32083333333333336,1,0,1,0,1,0
unknown,0.0,0.0,0.06666666666666667,0.16532611470877173,0.16302736872230977,0.06666666666666667,0.24526018784646833,0.24173652718721814,0.3160007420615871,0.3103817940734325,0.460807287515847,0.4544613287701075,0.2515625,0.3354166666666667,1,0,1,0,1,1
unknown,0.10097594765784153,0.0,0.4,0.20975656037136803,0.1767330891722638,0.4,0.2929401815872312,0.24548346632836832,0.311144808721757,0.2803020757376421,0.4470366691378979,0.4352908007911472,0.24296874999999996,0.3239583333333333,1,0,1,1,1,1
unknown,0.09290376854902062,0.026869938484351256,0.13333333333333333,0.041427662121291495,0.0,0.13333333333333333,0.0,0.0,0.06203450898027316,0.05586424942843321,0.35285038255814405,0.32592936805799866,0.225,0.3,1,0,0,0,1,0
unknown,0.037168812014444656,0.037168812014444656,0.03333333333333333,0.0,0.0,0.03333333333333333,0.0,0.0,0.06760936203275027,0.06760936203275027,0.32978162265988326,0.32978162265988326,0.246875,0.32916666666666666,1,0,1,0,1,0
unknown,0.004123342974540878,0.0,0.23333333333333334,0.0,0.0,0.23333333333333334,0.0,0.0,0.06359468339294899,0.05701906849806156,0.3184215337437885,0.3041406370436178,0.2584821428571428,0.34464285714285714,1,0,1,0,1,1
unknown,0.028362312165190452,0.0,0.16666666666666666,0.0,0.0,0.16666666666666666,0.0,0.0,0.08670938902632545,0.07980122771119556,0.3416436046826344,0.3218907106905483,0.253125,0.3375,1,0,0,0,1,1
unknown,0.1579049930857226,0.1579049930857226,0.03333333333333333,0.06599793270842266,0.06599793270842266,0.03333333333333333,0.0,0.0,0.06773596482462944,0.06773596482462944,0.3726567938399657,0.3726567938399657,0.234375,0.3125,1,0,0,0,1,0
unknown,0.014307139317651587,0.0,0.9,0.3132686261764173,0.23028806944109834,0.2,0.15288628467639895,0.06602058031300645,0.0,0.0,999.0,999.0,0.2199074074074074,0.2932098765432099,1,0,0,1,0,1
unknown,0.0,0.0,0.43333333333333335,0.42850145482631646,0.3779664084566077,0.0,0.247955271834539,0.23160271562210868,0.0,0.0,999.0,999.0,0.18365384615384617,0.24487179487179483,0,0,0,0,0,1
unknown,0.0,0.0,0.2,0.38426416828039583,0.3591670611486635,0.0,0.2289411550943764,0.21032745160181804,0.0,0.0,999.0,999.0,0.19114583333333335,0.2548611111111111,1,0,0,1,0,1
unknown,0.0,0.0,0.3333333333333333,0.4300318897427631,0.37889046564647666,0.0,0.2460070902675405,0.23830660743071924,0.0,0.0,999.0,999.0,0.1875,0.25,0,0,0,0,0,1
unknown,0.0,0.0,0.03333333333333333,0.3988760244940335,0.3988760244940335,0.0,0.2446900961539944,0.2446900961539944,0.0,0.0,999.0,999.0,0.190625,0.25416666666666665,1,0,0,1,0,1
unknown,0.0,0.0,0.5666666666666667,0.40236073134281114,0.36027806028143644,0.0,0.23876613895541213,0.20946408839566366,0.0077900131200723186,0.0,999.0,999.0,0.1983455882352941,0.26446078431372544,0,0,0,1,1,1
unknown,0.11534013067859791,0.0,0.3333333333333333,0.5449849922034762,0.4911387607349255,0.0,0.37331688649045464,0.33109749175058445,0.36588141747930036,0.3208889767500036,999.0,999.0,0.16874999999999998,0.22499999999999995,0,0,1,1,0,1
unknown,0.08516582887146025,0.0,0.4666666666666667,0.5340909737117157,0.3847746693646561,0.0,0.3335703959938824,0.1707416603147156,0.2830454609110552,0.16267552086569745,856.3273307130061,0.26215685311669085,0.24375000000000005,0.32500000000000007,1,0,0,0,1,1
unknown,0.02407382719003944,0.011986314541998257,0.16666666666666666,0.06193757941765612,0.05266004766372371,0.16666666666666666,0.17336096344521165,0.1530135780869933,0.6027956445448072,0.5871944138747778,0.9198179268417984,0.9023947743604045,0.146875,0.19583333333333333,0,0,0,0,0,1
unknown,0.5784468228590164,0.5566326440532128,0.0,0.5908023505208011,0.5838744683171556,0.0,0.469727929079405,0.46105679121833254,0.03494759742454569,0.020121390826751386,0.0,0.0,0.18303571428571425,0.24404761904761904,1,0,0,0,1,1
unknown,0.1352419792594493,0.02444757548854857,0.2,0.26668732166578707,0.2507116749736594,0.2,0.3821716066276322,0.3591893599013344,0.47830423584034737,0.45527298903271285,167.0037032038353,0.5762228715853689,0.2916666666666667,0.3888888888888889,1,0,0,0,1,0
unknown,0.027550554686157098,0.0,0.06666666666666667,0.28500570064832675,0.2800694428031733,0.0,0.3935653788772107,0.3865151427048891,0.4685222309854934,0.46090803195126423,0.5604737253860304,0.5511885527366784,0.2953125,0.39375,1,0,1,0,1,0
unknown,0.16148493836073013,0.12271673602208698,0.26666666666666666,0.3096355094906602,0.2907014767021177,0.0,0.42106767832650027,0.4079706613863623,0.4738461098842769,0.4475420878268569,0.5747893936750463,0.5538643695160608,0.293359375,0.3911458333333333,1,0,0,0,1,0
unknown,0.03475021278733157,0.0,0.16666666666666666,0.2857609487727043,0.273690698515162,0.03333333333333333,0.3915527779662621,0.38105096520846754,0.46438521501401614,0.454886837360593,200.24167406082287,0.5408125438013308,0.29562499999999997,0.39416666666666667,1,0,1,0,1,0
unknown,0.1605269830423184,0.14309606979339515,0.3333333333333333,0.3141182235077911,0.2848173721547459,0.0,0.416189455347341,0.39340796714705534,0.45719630587027327,0.4366486027625985,300.10097828420163,0.5634571096614286,0.29500000000000004,0.39333333333333337,1,0,0,0,1,0
unknown,0.04113100188442541,0.0,0.16666666666666666,0.2949713449025653,0.2635003766522122,0.03333333333333333,0.3956154421074018,0.3744958038958466,0.43145339703197927,0.42297778297360483,0.5594094598055779,0.5459802242836477,0.2975,0.3966666666666666,1,0,1,0,1,0
unknown,0.17324140882139008,0.1358691513860859,0.26666666666666666,0.335812402764889,0.31862981839027055,0.0,0.42829030261985707,0.4041918922370449,0.4302883150941706,0.406007919841609,0.5780572054700615,0.5558898143596888,0.296875,0.3958333333333333,1,0,0,0,1,0
unknown,0.09666423734663095,0.08402642417406446,0.5666666666666667,0.0,0.0,0.5666666666666667,0.060924611680025914,0.049344098942363156,0.2952681335739778,0.2844411007924899,0.3829704115498913,0.36453634913801747,0.11341911764705882,0.15122549019607842,0,0,0,0,0,1
unknown,0.305963153246105,0.0,0.36666666666666664,0.48247553433297913,0.31211283679898194,0.0,0.34366097279635993,0.16333107684187828,0.3933080246896355,0.24836082007609983,444.2130671508633,0.11652432867106245,0.2168402777777777,0.2891203703703703,1,0,0,1,0,1
unknown,0.0,0.0,0.1,0.0,0.0,0.1,0.0,0.0,0.08079614227407739,0.06566555974931405,999.0,999.0,0.303125,0.4041666666666666,1,0,0,0,1,0
unknown,0.0,0.0,0.06666666666666667,0.0,0.0,0.06666666666666667,0.0,0.0,0.08182210555102465,0.057185267078532234,499.69616398504496,0.392327970089935,0.328125,0.4375,1,0,1,0,1,0
unknown,0.0,0.0,0.3,0.0,0.0,0.3,0.0,0.0,0.0891624237626706,0.05757610901323081,666.1409390970646,0.414717099424104,0.4027777777777778,0.537037037037037,1,0,1,0,1,1
unknown,0.0,0.0,0.03333333333333333,0.0,0.0,0.03333333333333333,0.0,0.0,0.11837898853685846,0.11837898853685846,999.0,999.0,0.3,0.4,1,0,1,0,1,0
unknown,0.0,0.0,0.36666666666666664,0.0,0.0,0.36666666666666664,0.0,0.0,0.10838776565678998,0.08886525510603717,999.0,999.0,0.29999999999999993,0.4,1,0,0,0,1,0
unknown,0.0,0.0,0.2,0.0,0.0,0.2,0.0,0.0,0.1359081667884968,0.08665770680574726,999.0,999.0,0.36302083333333335,0.4840277777777778,1,0,1,0,1,0
unknown,0.0,0.0,0.26666666666666666,0.0,0.0,0.26666666666666666,0.0,0.0,0.09002217875717669,0.057158576780157115,749.3569105501775,0.4231330003750306,0.387109375,0.5161458333333333,1,0,1,0,1,1
unknown,0.0,0.0,0.3,0.0,0.0,0.3,0.0,0.0,0.10628131695427295,0.0706631581267669,999.0,999.0,0.303125,0.4041666666666667,1,0,0,0,1,0
unknown,0.0,0.0,0.13333333333333333,0.0,0.0,0.13333333333333333,0.0,0.0,0.11742817492931225,0.11188606221207195,749.3640847756068,0.4563391024272035,0.3546875,0.47291666666666665,1,0,1,0,1,0
unknown,0.0,0.0,0.06666666666666667,0.0,0.0,0.06666666666666667,0.0,0.0,0.1380031953515788,0.13471192019237943,999.0,999.0,0.421875,0.5625,1,0,1,0,1,1
unknown,0.0,0.0,0.06666666666666667,0.0,0.0,0.06666666666666667,0.0,0.0,0.0680576309337739,0.05617956411235109,499.70829735934524,0.41659471869052456,0.409375,0.5458333333333333,1,0,1,1,1,1
unknown,0.0,0.0,0.13333333333333333,0.0,0.0,0.13333333333333333,0.0,0.0,0.06978139895088362,0.06655906850389415,999.0,999.0,0.409375,0.5458333333333333,1,0,0,0,1,1
unknown,0.0,0.0,0.13333333333333333,0.0,0.0,0.13333333333333333,0.0,0.0,0.10611921385509906,0.08826507713438556,999.0,999.0,0.35625,0.475,1,0,1,0,1,1
unknown,0.0,0.0,0.03333333333333333,0.0,0.0,0.03333333333333333,0.0,0.0,0.06483504027444804,0.06483504027444804,999.0,999.0,0.3,0.4,1,0,1,0,1,0
unknown,0.0,0.0,0.16666666666666666,0.0,0.0,0.16666666666666666,0.0,0.0,0.09107988608290436,0.06499050146819342,999.0,999.0,0.3,0.4,1,0,0,0,1,0
unknown,0.0,0.0,0.06666666666666667,0.3544687873501894,0.3393944891176846,0.0,0.2089893315529832,0.185805533754728,0.0,0.0,999.0,999.0,0.190625,0.25416666666666665,0,0,0,1,0,1
unknown,0.0,0.0,0.16666666666666666,0.3663766580794542,0.3475845696891946,0.0,0.2334163677082683,0.22392035096438193,0.0,0.0,199.89517008972956,0.09910075549590786,0.195,0.26,0,0,0,1,1,1
unknown,0.0,0.0,0.03333333333333333,0.39518400760528044,0.39518400760528044,0.0,0.2480937686197931,0.2480937686197931,0.0,0.0,999.0,999.0,0.184375,0.24583333333333332,0,0,0,1,0,1
unknown,0.0,0.0,0.1,0.37526175761107367,0.36514610242158346,0.0,0.2366982226030311,0.231432008458783,0.005424430506605825,0.0007732400041281645,0.11265918817990432,0.09347106586910048,0.19479166666666667,0.25972222222222224,0,0,0,1,1,1
unknown,0.0,0.0,0.1,0.35285295534244404,0.34381829314487045,0.0,0.2146461058528757,0.19906448315405492,0.0,0.0,333.08488786724644,0.1178436775167733,0.1885416666666667,0.2513888888888889,0,0,0,1,0,1
unknown,0.0,0.0,0.13333333333333333,0.3516792724816413,0.3467681453387447,0.0,0.2157089867740579,0.21335214010429682,0.003477835956875396,0.0,0.13885258763226085,0.11191692970194848,0.19375,0.25833333333333336,0,0,0,1,1,1
unknown,0.0,0.0,0.13333333333333333,0.36186447278427203,0.3462921399189708,0.0,0.22072406364483288,0.21094429718851737,0.010850070130317066,0.0,249.85154254242002,0.1146563657921198,0.18671875,0.24895833333333334,0,0,0,1,0,1
unknown,0.0,0.0,0.06666666666666667,0.38594863303294324,0.38467018603847386,0.0,0.23584073953541249,0.23578522479754202,0.02155430896485471,0.017866464801816702,999.0,999.0,0.1875,0.25,0,0,0,1,1,1
unknown,0.029512636306700372,0.0,0.7,0.2932505284475068,0.182335656369894,0.1,0.12976599121209093,0.0014089251426699033,0.0006413298183157165,0.0,618.4732243638605,0.038539188520508534,0.2238095238095239,0.29841269841269835,1,0,0,0,1,1
unknown,0.0,0.0,0.5333333333333333,0.356950613287755,0.32647646530832963,0.0,0.1949835807921725,0.16205760415154627,0.0,0.0,499.56348357020755,0.11529779627586768,0.2013671875,0.2684895833333333,0,0,1,1,0,1
unknown,0.18492420293496353,0.17488382144132456,0.16666666666666666,0.2881537247491411,0.28498555846295354,0.0,0.41344555169553515,0.39338847061791127,0.5548017943891751,0.536485844999779,200.3081995962841,0.6191942703448154,0.296875,0.3958333333333333,1,0,0,0,1,0
unknown,0.10371124386233474,0.09934053152998971,0.06666666666666667,0.283573087447875,0.2822387129607674,0.0,0.4243614140130099,0.42182436850816446,0.5272740376470844,0.526354007388213,999.0,999.0,0.296875,0.3958333333333333,1,0,1,0,1,0
unknown,0.19168797220857595,0.07522341962712577,0.2,0.3127403194317692,0.2767218052047666,0.06666666666666667,0.4228921463984483,0.4055516655055038,0.5044662475079902,0.4950598221977928,333.38129946257703,0.5596122920886081,0.2932291666666667,0.3909722222222222,1,0,1,1,1,1
unknown,0.15387887483950358,0.15091341787142648,0.13333333333333333,0.3650536970917173,0.36077198927132315,0.0,0.4249707563034807,0.4237872844102991,0.4991920595515487,0.49493468564093596,0.5877714642263163,0.5814062249523974,0.29375,0.39166666666666666,1,0,1,1,1,0
unknown,0.19189528304876563,0.16590535024727576,0.13333333333333333,0.25185961060118306,0.23728400505620673,0.13333333333333333,0.3850482961360047,0.356901040527771,0.4637536035657734,0.4542287772466131,250.20019471419087,0.5967150255578801,0.290625,0.3875,1,0,0,0,1,0
unknown,0.1171326165682775,0.08595791601489457,0.06666666666666667,0.2750946872682534,0.27489993339938174,0.06666666666666667,0.3925272568062919,0.39150276228139985,0.44554681302010146,0.44341485361323213,499.7853957024131,0.5707914048262306,0.290625,0.3875,1,0,1,0,1,0
unknown,0.1801549564002984,0.09349349732096339,0.36666666666666664,0.3157221188204995,0.2656703124358096,0.06666666666666667,0.4232736467580663,0.4126454477183025,0.45440973029509024,0.43151482996037416,0.5517779218928042,0.5281164752707,0.28806818181818183,0.38409090909090915,1,0,1,1,1,1
unknown,0.16468778832635939,0.16468778832635939,0.03333333333333333,0.23195112854051556,0.23195112854051556,0.03333333333333333,0.3512978933205683,0.3512978933205683,0.47657251701604414,0.47657251701604414,0.6183163072613383,0.6183163072613383,0.29375,0.39166666666666666,1,0,0,0,1,0
unknown,0.18323313457987522,0.11882808361946975,0.5333333333333333,0.2809958766140985,0.23927935706127498,0.16666666666666666,0.39837877146981343,0.36516438971938003,0.46827625982968624,0.4351307843432695,62.99281202351225,0.5792005319184762,0.291796875,0.38906250000000003,1,0,1,1,1,1
unknown,0.06497920998301561,0.0,2.066666666666667,0.3570213590824857,0.23927117740711232,0.43333333333333335,0.18793865576460372,0.06829493205141944,0.05972964816485064,0.0,612.3717937270391,0.09248136120439554,0.204133064516129,0.27217741935483863,1,0,0,1,0,1
unknown,0.04680653304012591,0.0,0.23333333333333334,0.4098694814002199,0.35735024593109327,0.0,0.26352037423426494,0.21389487514676592,0.1485967892746662,0.0,142.9511326309739,0.10918256060298052,0.18973214285714288,0.25297619047619047,0,0,1,1,0,1
unknown,0.033767045047596145,0.0,0.5666666666666667,0.413114196660989,0.334414498096689,0.0,0.2679102417596664,0.1892694379534352,0.10730740255440104,0.0,0.16051228936320955,0.0,0.2014705882352941,0.26862745098039215,0,0,0,1,1,1
unknown,0.1873762516305544,0.0,0.23333333333333334,0.4187655461113304,0.3393571880662757,0.0,0.2851118538942821,0.1943563893982486,0.2836918977080962,0.03977459920562185,230.77848296667085,0.0850865194607006,0.24975961538461544,0.3330128205128205,1,0,0,0,1,1
unknown,0.02039016193420697,0.0,0.3,0.04632643853963557,0.0,0.3,0.11338402705790436,0.03602912284879404,0.5242527608988747,0.45766246705584135,0.829929587482588,0.7694323069787672,0.1684027777777778,0.22453703703703706,0,0,0,0,0,1
unknown,0.18676276594342717,0.12985082899440045,0.16666666666666666,0.2280820681531887,0.2021582786561327,0.16666666666666666,0.30600600311509946,0.25443140294994115,0.3275274613120135,0.29122453693973455,0.3659332279586727,0.259215871245834,0.240625,0.32083333333333336,1,0,0,0,1,0
unknown,0.07669680713927149,0.0655672593701325,0.06666666666666667,0.21726131530961768,0.2160815456529828,0.06666666666666667,0.24519722574014507,0.24485116241080512,0.28211790002082804,0.27326952634822577,0.288211093517716,0.2655560512875494,0.240625,0.32083333333333336,1,0,1,0,1,0
unknown,0.1482660666141587,0.0696881942284367,0.4,0.21467378752134228,0.1943800934412287,0.4,0.28562491112140154,0.23698475481255027,0.3015104630065432,0.26885378131680326,0.35744566859335286,0.2811685026404212,0.24583333333333338,0.3277777777777778,1,0,0,0,1,0
unknown,0.0662754700937968,0.027879324963419345,0.06666666666666667,0.19851371928129652,0.19419882728422463,0.06666666666666667,0.2906368177296983,0.27850415600225176,0.3018898284322141,0.2852859692090751,0.34063708852681995,0.3391699423906368,0.2484375,0.33125,1,0,1,0,1,0
unknown,0.14201465618543552,0.12029379842140078,0.13333333333333333,0.21125874917626855,0.20428518023313327,0.13333333333333333,0.30861082414833463,0.30405612356626,0.29955187973464736,0.2876476433389181,0.3538222771534463,0.344778736930117,0.25,0.3333333333333333,1,0,0,0,1,0
unknown,0.07744835698758235,0.03862074934512921,0.13333333333333333,0.1953485309734641,0.17808717077805014,0.13333333333333333,0.26405607718219004,0.23841146057676632,0.3080916621227645,0.2872990426711329,0.3748194480058053,0.3619894931938272,0.246875,0.32916666666666666,1,0,1,0,1,0
unknown,0.251716523781049,0.10030988294358753,0.3333333333333333,0.3432431120531337,0.20607457659508396,0.16666666666666666,0.3507068915211915,0.27333915336965264,0.37715539095217987,0.29444446089210075,0.40526682561583643,0.36667392691575174,0.2601102941176471,0.34681372549019607,1,0,0,0,1,0
unknown,0.2987757979188799,0.29740752574040175,0.1,0.5297069449443542,0.5279272731046595,0.0,0.4548060734027006,0.45414488054942376,0.4724420300708044,0.4718272390344825,0.41985580611865775,0.4159907526353846,0.28125,0.375,1,0,1,1,1,1
unknown,0.03669633504555575,0.031096824432674964,0.26666666666666666,0.019650187723209707,0.010771020702512719,0.26666666666666666,0.05289215116071601,0.02959954859340464,0.4011364568621252,0.3706544519956928,0.6286769233810766,0.59780324433661,0.13007812500000002,0.1734375,0,0,0,0,0,1
unknown,0.06109709251038461,0.057446705999569914,0.06666666666666667,0.35081576680749044,0.34469280758451043,0.0,0.2847171276895255,0.28414269562092187,0.29967410429164587,0.29317724571264286,0.3473593231548083,0.3430833601198481,0.1296875,0.17291666666666666,0,0,1,1,0,1
unknown,0.04022918289269656,0.036369553367252665,0.13333333333333333,0.021791782122663736,0.018930017046964016,0.13333333333333333,0.06052689972933502,0.05096839266436965,0.41969549767165454,0.4133340682246081,0.6362852272504949,0.6254464521890654,0.12968749999999998,0.17291666666666666,0,0,0,0,0,1
unknown,0.4874272664177375,0.4781264903422472,0.0,0.5598325561574568,0.5484392919083088,0.0,0.37535201789466877,0.36595010257666144,0.30954004797823953,0.29219179014335994,0.2755376089367438,0.2589080713142124,0.209375,0.2791666666666667,1,0,1,1,0,1
unknown,0.1822397783552412,0.1811874787153546,0.06666666666666667,0.4025932058898978,0.39541507214109783,0.0,0.22068544493548825,0.2201902960611928,0.18228355437877397,0.18160144770199926,499.6321246400699,0.26424928013981097,0.209375,0.2791666666666667,1,0,0,1,0,1
unknown,0.0,0.0,0.03333333333333333,0.34163744888826114,0.34163744888826114,0.0,0.2078364391036351,0.2078364391036351,0.073893483929616,0.073893483929616,0.1504908550884031,0.1504908550884031,0.20625,0.275,1,0,1,1,0,1
unknown,0.1836373198291286,0.1836373198291286,0.03333333333333333,0.3935195003348422,0.3935195003348422,0.0,0.22017414998588009,0.22017414998588009,0.18286974420095925,0.18286974420095925,0.28190304581675524,0.28190304581675524,0.209375,0.2791666666666667,1,0,0,1,0,1
unknown,0.0573024641004437,0.0,0.1,0.38788764885300847,0.3620848262855814,0.0,0.22453178415499653,0.21788003429030148,0.09155557372231236,0.04567593183989636,0.16364944294528863,0.11601312584209314,0.20729166666666665,0.2763888888888889,1,0,1,1,0,1
unknown,0.05660896961976987,0.0,0.23333333333333334,0.3281300465591474,0.2902421885964326,0.0,0.18822935004547262,0.17022321698380746,0.0010629965512675376,0.0,0.1659277971394952,0.13896851561993354,0.19866071428571427,0.2648809523809524,1,0,0,1,0,1
unknown,0.2502537600897934,0.0,0.16666666666666666,0.5164686586028566,0.38501578908792783,0.0,0.3254801629223645,0.22817385162201737,0.2793371538044536,0.23002152476232193,111.27967497005633,0.30256857945807364,0.1909722222222222,0.25462962962962954,0,0,0,0,0,1
unknown,0.13085093008261034,0.0,0.26666666666666666,0.4490520644229608,0.36578940820962524,0.0,0.2648929311341074,0.21399283809574396,0.19335772442327204,0.07405339592153641,125.09397861193068,0.14306289982953152,0.20625,0.275,1,0,0,1,0,1
unknown,0.09354588539352528,0.08899534556241273,0.13333333333333333,0.2381277664536299,0.21807926953531676,0.13333333333333333,0.2819592509972774,0.2728694109815009,0.3777543517180441,0.37340221443305827,0.5256941867450103,0.5084099862904372,0.271875,0.3625,1,0,0,0,1,1
unknown,0.06260121995566659,0.0,0.3,0.15531326703226372,0.11445378476002992,0.3,0.2773653679548682,0.25560976409731495,0.4356798854660171,0.3664113109996866,0.5263718784534478,0.4984709724094689,0.28229166666666666,0.3763888888888889,1,0,1,0,1,1
unknown,0.0,0.0,0.03333333333333333,0.15933741946255084,0.15933741946255084,0.03333333333333333,0.2733034226180099,0.2733034226180099,0.3716445329373123,0.3716445329373123,0.5131015477726114,0.5131015477726114,0.28125,0.375,1,0,1,0,1,0
unknown,0.08847983639994586,0.07042798833259883,0.13333333333333333,0.17586176677402088,0.16877139527420254,0.13333333333333333,0.26931359564358787,0.264552110875397,0.3530561183907861,0.35106848785095063,0.5076313154459539,0.5031512711241158,0.28125,0.375,1,0,0,0,1,0
unknown,0.05384729611602083,0.0,0.2,0.1699273678909753,0.15918738911576938,0.2,0.2769955075627542,0.2614746075175209,0.31587483892510054,0.30448788719588715,0.4401541903212969,0.4219115164851823,0.28281249999999997,0.37708333333333327,1,0,1,1,1,1
unknown,0.06291164937298695,0.0,0.13333333333333333,0.0812460133574423,0.07078364565587734,0.13333333333333333,0.2147663366828467,0.2065757540418598,0.3638815661707454,0.31694698411761124,0.4490821009573125,0.4398690566086107,0.3015625,0.40208333333333335,1,0,1,0,1,1
unknown,0.07550401953865067,0.03427340782662144,0.1,0.1298423493971876,0.11646183886892794,0.1,0.2509887974878812,0.24776854920049762,0.30794117502758384,0.3053020235169605,0.45636425231357874,0.45540438890672047,0.278125,0.37083333333333335,1,0,0,0,1,0
unknown,0.03566028108444366,0.0,0.16666666666666666,0.18764459002676795,0.17439535060782174,0.16666666666666666,0.2967034914393468,0.2747898818436595,0.36290137554760915,0.3365290139676634,0.46685046451127715,0.4486239699827022,0.296875,0.3958333333333333,1,0,1,1,1,1
unknown,0.037598271915400966,0.0,0.2,0.10691245316822373,0.0910856942075624,0.2,0.2220770749830697,0.21816270566727605,0.360320975736552,0.28909692210671595,0.47221401963581494,0.449999901617775,0.3177083333333333,0.42361111111111116,1,0,1,0,1,1
unknown,0.14278652452187518,0.1149187732244128,0.1,0.1463345554343259,0.13829819430548274,0.1,0.27288262596714324,0.26467416563828644,0.29950036561492954,0.2935712088398648,0.44193198912090614,0.4371139149876541,0.27708333333333335,0.36944444444444446,1,0,0,0,1,0
unknown,0.09794929908417108,0.09794929908417108,0.03333333333333333,0.20881810490035888,0.20881810490035888,0.03333333333333333,0.3121524451765116,0.3121524451765116,0.3562115307968875,0.3562115307968875,0.48263381379052855,0.48263381379052855,0.275,0.36666666666666664,1,0,1,1,1,1
unknown,0.00020327971691515756,0.0,0.3,0.39892883361053266,0.33734028287588586,0.0,0.30634404889261596,0.23906209026082564,0.23508128378503296,0.11944828408421172,0.24359557265959003,0.1387849007364886,0.18715277777777778,0.249537037037037,0,0,0,1,1,1
unknown,0.0,0.0,0.03333333333333333,0.35411359351686733,0.35411359351686733,0.0,0.23049377464991297,0.23049377464991297,0.05507563982106267,0.05507563982106267,0.10431046634706453,0.10431046634706453,0.23125,0.30833333333333335,1,0,0,1,0,1
unknown,0.11680950039785017,0.0,0.2,0.4507182522649994,0.2684255661203037,0.03333333333333333,0.27806281040410075,0.11316976579877402,0.14138923737434472,0.06457846584261129,0.15647711707264292,0.09258507853355648,0.23604166666666662,0.3147222222222223,1,0,0,0,1,1
unknown,0.0,0.0,0.23333333333333334,0.40778415058292666,0.38330095908680367,0.0,0.28066266647204113,0.2665423391573663,0.0,0.0,285.49465015486544,0.044680258113284924,0.19062500000000002,0.25416666666666665,0,0,1,1,0,1
unknown,0.18770010234077605,0.174755074351357,0.1,0.3123976429322941,0.2946125117622669,0.0,0.30605611307028907,0.29711354893994574,0.31341368447855633,0.31041871331324894,0.37270011693101734,0.36263125699735843,0.2875,0.38333333333333336,1,0,0,0,1,0
unknown,0.19244505261179043,0.13847367483899722,0.13333333333333333,0.4408373443951627,0.40330327277330597,0.0,0.3899658935976738,0.373017647436664,0.3242839136378848,0.31048117928126545,0.42328994991892294,0.41093583539085016,0.290625,0.3875,1,0,1,1,1,1
unknown,0.1729702431348616,0.16571271160830187,0.13333333333333333,0.34094345433839157,0.2521594012933012,0.03333333333333333,0.3146407769102239,0.2772662281092892,0.30707328845654536,0.29442149722723326,0.39615682145207115,0.3806011918513034,0.29375,0.39166666666666666,1,0,0,0,1,0
unknown,0.07869738373031362,0.038672534696049955,0.06666666666666667,0.20321769093430825,0.1894682244879703,0.06666666666666667,0.2642453753615883,0.26115776697755677,0.3067022142985716,0.3035286389111405,0.36603474331036545,0.3639140285863372,0.2953125,0.39375,1,0,1,0,1,0
unknown,0.18634563062074955,0.08326225556319458,0.26666666666666666,0.30766994572765627,0.2491408686960093,0.03333333333333333,0.27964000151128454,0.2512988068612008,0.27498916738308576,0.2694811695575365,0.3720510165451106,0.3482590603325437,0.290625,0.3875,1,0,1,1,1,1
unknown,0.17174636462910792,0.08345411952586061,0.26666666666666666,0.3370681945132761,0.28765042871594176,0.0,0.3078023917510103,0.2715506895662033,0.30039354531698936,0.2664682012102027,0.39414653306880026,0.34396953036889144,0.290625,0.3875,1,0,0,0,1,0
unknown,0.03951954563350149,0.025987816115783945,0.06666666666666667,0.31886726928332965,0.30585876131822753,0.0,0.25065505024459966,0.240592999696015,0.26452400291964373,0.2633971214273813,0.3508984680061623,0.3460948121570202,0.290625,0.3875,1,0,1,0,1,0
unknown,0.13258486550491133,0.07956936010297176,0.3,0.3113121605867357,0.29376358438461975,0.0,0.28302487171036717,0.25586963867674434,0.250892710208096,0.23974560515425028,0.35743977693479584,0.32020358836597335,0.28958333333333336,0.3861111111111111,1,0,1,1,1,1
unknown,0.17680289726470297,0.1670998239718202,0.1,0.3544402092117136,0.3495321668068757,0.0,0.3095003028617375,0.3009007647810398,0.2861729910398505,0.2738096063460354,0.3680799011237044,0.3556532387984398,0.29375,0.39166666666666666,1,0,0,0,1,0
unknown,5.6381994250846314e-05,0.0,2.2,0.32045250592740365,0.1763229968633816,0.26666666666666666,0.17021951426460588,0.03831795345366089,0.0438385445561475,0.0,30.45946900487379,0.11223894817429848,0.209280303030303,0.2790404040404041,1,0,0,1,0,1
unknown,0.0,0.0,0.3333333333333333,0.45741580325149955,0.40798885778026933,0.0,0.3293145449181206,0.3098557299855705,0.0,0.0,0.12797148577500866,0.10315143067785909,0.16281250000000003,0.21708333333333335,0,0,0,0,0,1
unknown,0.013922257497724086,0.0,0.06666666666666667,0.29283869702665055,0.2622510847834556,0.03333333333333333,0.14371985922338965,0.1097435534291511,0.0,0.0,0.2725470780743259,0.24596293542702918,0.1578125,0.21041666666666667,1,0,0,1,0,1
unknown,0.0,0.0,0.06666666666666667,0.22666359654787047,0.2129899615428881,0.06666666666666667,0.08051664810970663,0.0730804450724588,0.03529021349312051,0.02212912348222113,0.3583694617227162,0.340893596402165,0.1609375,0.21458333333333335,0,0,0,0,0,1
unknown,0.0,0.0,0.1,0.42023652196112565,0.39531541641288653,0.0,0.2993779181691311,0.2889788612600462,0.0,0.0,0.07159942632476189,0.054379559719949004,0.18437500000000004,0.24583333333333332,0,0,1,1,0,1
unknown,0.590996539439054,0.29334576299389953,0.1,0.7180846268438359,0.447307796173943,0.0,0.5599996422897011,0.35188600886244376,0.5236740526329899,0.41599881937581307,125.31866847793499,0.4458261829195921,0.25703125000000004,0.34270833333333334,1,0,0,0,1,1
unknown,0.07628485646729653,0.0,0.6666666666666666,0.2740186721088059,0.04882201368578782,0.3333333333333333,0.2737901778241427,0.14857198318692957,0.4184129607741626,0.0026597430209855974,0.5987534847196796,0.04361121848471517,0.16390624999999998,0.21854166666666663,0,0,0,0,0,1
unknown,0.18464583810382865,0.11236767760280163,0.13333333333333333,0.17176418197657084,0.16998322637946556,0.13333333333333333,0.26880949648691277,0.2561350564411905,0.34251547150744893,0.32575638833469234,0.512050791902378,0.5032411039301622,0.25625,0.3416666666666667,1,0,0,0,1,0
unknown,0.010708263107670497,0.0,0.23333333333333334,0.17675496047428169,0.16155009906764856,0.23333333333333334,0.2283454572637313,0.21242136049314195,0.3122152842745894,0.2863915751604587,0.47107362450416107,0.4529112186266153,0.26874999999999993,0.35833333333333334,1,0,1,0,1,0
unknown,0.14569799546220824,0.05057367530684143,0.4666666666666667,0.18333502636224078,0.1718104913904322,0.4666666666666667,0.27083863409822756,0.2505599516208528,0.3213220554145874,0.29154523959437273,0.49174265955760293,0.4678024750095118,0.25602678571428567,0.3413690476190477,1,0,0,0,1,0
unknown,0.0547132216711206,0.0,0.13333333333333333,0.19290323859882172,0.1828988577237544,0.13333333333333333,0.2560681227033876,0.24815482455684387,0.3021770234644388,0.2963732903991645,0.46995652918440267,0.45958368614843487,0.25625,0.3416666666666667,1,0,1,0,1,0
unknown,0.11617483749017021,0.07739718250304273,0.26666666666666666,0.19819448366814113,0.1751627683792996,0.26666666666666666,0.2829912652120013,0.24820972409082206,0.3176083432305442,0.30588688718664936,0.494248581215206,0.47839884369106866,0.2578125,0.34375,1,0,0,0,1,0
unknown,0.09550450744368244,0.09550450744368244,0.03333333333333333,0.17986622725702955,0.17986622725702955,0.03333333333333333,0.24648050663712304,0.24648050663712304,0.30418170495507535,0.30418170495507535,0.47621095823685333,0.47621095823685333,0.25625,0.3416666666666667,1,0,1,0,1,0
unknown,0.09352930519660987,0.0,0.5333333333333333,0.12962933991241712,0.03534173073868039,0.5333333333333333,0.1648108241066018,0.0,0.2909483777483528,0.2531404015683588,0.49277428700367265,0.4754030726688323,0.25468750000000007,0.33958333333333335,1,0,0,0,1,0
unknown,0.11550305781899478,0.1125187536890873,0.06666666666666667,0.009681260662698185,0.008132796801491704,0.06666666666666667,0.0,0.0,0.24467391083909112,0.24388904179984505,0.4778438787764817,0.475433698731013,0.246875,0.32916666666666666,1,0,1,1,1,1
unknown,0.0,0.0,0.16666666666666666,0.017647877116708212,0.007658020915469961,0.16666666666666666,0.0,0.0,0.24994111705687133,0.24858792587718462,0.49924364364475304,0.497032036766016,0.246875,0.32916666666666666,1,0,0,0,1,0
unknown,0.12051132818343224,0.11267690484616884,0.1,0.023542576164871865,0.020338689025238887,0.1,0.0,0.0,0.24357585798950243,0.24175750565488402,0.4708427062213973,0.4689000844647015,0.24687500000000004,0.32916666666666666,1,0,1,1,1,1
unknown,0.0010119173151184708,0.0,0.2,0.11044226746862125,0.109306405262789,0.2,0.007773050106185078,0.006019368752668816,0.22585145155321437,0.22312819870226366,0.452460929255816,0.4481932336437823,0.24687499999999998,0.32916666666666666,1,0,0,0,1,0
unknown,0.0993053646058566,0.09493659185304429,0.13333333333333333,0.08973119170184722,0.0890026969235459,0.13333333333333333,0.008210331922398601,0.005940933500048431,0.24325901026988042,0.24119707049785605,0.452885580085273,0.44511404007217953,0.246875,0.32916666666666666,1,0,1,1,1,1
unknown,0.0,0.0,0.2,0.10385883125782845,0.10140335785625335,0.2,0.003096495458851096,0.0,0.2229656525841054,0.2150852285170676,0.4535993347736799,0.44684615386153875,0.24687499999999998,0.32916666666666666,1,0,0,0,1,0
unknown,0.08468492104846155,0.06042390127620071,0.23333333333333334,0.08910752385454161,0.08621298194390284,0.23333333333333334,0.01142532552222891,0.008884508540336698,0.23956917668514613,0.2314678854216521,0.4441693957561088,0.43855953457733443,0.24687499999999998,0.32916666666666666,1,0,1,1,1,1
unknown,0.0,0.0,0.16666666666666666,0.10644466584246952,0.10565189348328101,0.16666666666666666,0.004122685390835446,0.0036686789624714245,0.21805054877836944,0.2165894535224756,0.4369556946139226,0.4307507799992732,0.246875,0.32916666666666666,1,0,0,0,1,0
unknown,0.08636551017639224,0.07488647274985019,0.16666666666666666,0.08399634089705757,0.08165079875775949,0.16666666666666666,0.010436903512023182,0.008851724868810284,0.2369215153106227,0.23557263265136943,0.4319314685578736,0.4292678530857091,0.246875,0.32916666666666666,1,0,1,1,1,1
unknown,0.0,0.0,0.1,0.10621483068406545,0.10325814167970487,0.1,0.0009688377643803516,0.0,0.22147788724709697,0.22139393619437966,0.4406768995321327,0.4357771255729026,0.24687500000000004,0.32916666666666666,1,0,0,0,1,0
unknown,0.051207103450049675,0.051207103450049675,0.03333333333333333,0.10615077610846228,0.10615077610846228,0.03333333333333333,0.013863062590221804,0.013863062590221804,0.24141545081674926,0.24141545081674926,0.4307601900404772,0.4307601900404772,0.246875,0.32916666666666666,1,0,1,1,1,1
unknown,0.179231512823146,0.0,0.6,0.4659401917779927,0.16880932584817937,0.23333333333333334,0.344560949825999,0.11280334230718915,0.2768564037490214,0.0,29.282973460610418,0.06845952185059412,0.20307971014492754,0.2707729468599033,1,0,0,1,0,1
unknown,0.25152949330769214,0.24501350568902083,0.06666666666666667,0.12615126906514817,0.12522586253216517,0.06666666666666667,0.27434627699656394,0.2686042488592042,0.3772612143103085,0.3675872782207605,0.4684908895217249,0.46265415747148014,0.271875,0.3625,1,0,0,0,1,0
unknown,0.14736503235322004,0.07410443528138057,0.1,0.16294479319352653,0.14150366603688255,0.1,0.268202126570133,0.24901080709075143,0.30401100085357124,0.2745468486889853,0.40638036856886933,0.3786424600714623,0.271875,0.3625,1,0,0,0,1,1
unknown,0.05714535107537414,0.0,0.3,0.1770180840654657,0.12871859461123863,0.3,0.23047157076443117,0.21425295188311091,0.28814696619546043,0.245076605684807,0.3930738063887741,0.3524055346910527,0.2704861111111111,0.36064814814814816,1,0,1,0,1,1
unknown,0.0,0.0,0.03333333333333333,0.2295033184865275,0.2295033184865275,0.03333333333333333,0.2327826461352562,0.2327826461352562,0.3057567446384411,0.3057567446384411,0.3596423295039021,0.3596423295039021,0.271875,0.3625,1,0,1,0,1,0
unknown,0.14049593554954865,0.04867543369088588,0.36666666666666664,0.24738775857189133,0.131739146200289,0.23333333333333334,0.2993797963146156,0.2637817112595522,0.32558894198198013,0.30568485924848743,0.398754826148001,0.3542163593217682,0.27187500000000003,0.36249999999999993,1,0,0,0,1,0
unknown,0.014306961779138152,0.0,0.06666666666666667,0.19869718146043194,0.1882252851461201,0.06666666666666667,0.2232069355012926,0.20529680321094645,0.285924056682544,0.28086857456774555,0.3937698911339087,0.39257161433367244,0.271875,0.3625,1,0,1,0,1,1
unknown,0.0,0.0,0.13333333333333333,0.1855174031676038,0.17094599553060352,0.13333333333333333,0.2046580402415819,0.1972727157184138,0.2819912462402818,0.27814458400844144,0.39160957152214737,0.3874484900297555,0.271875,0.3625,1,0,1,1,1,1
unknown,0.08365794011852246,0.0,0.16666666666666666,0.1746906648092765,0.15662143123783898,0.16666666666666666,0.22926954482151554,0.19089591271001216,0.2945916368828264,0.28873721710000444,0.3862798156269668,0.3804241413079086,0.271875,0.3625,1,0,1,0,1,1
unknown,0.15610755243099061,0.029081207104098207,0.36666666666666664,0.2563502968693632,0.19114711687968328,0.1,0.31100078413292703,0.2315963017950529,0.337480834940197,0.30428648297060923,0.41859955305871227,0.39022513546112936,0.27187500000000003,0.36249999999999993,1,0,0,0,1,0
unknown,0.06259182336655097,0.0,0.3,0.20319065133118516,0.18743030400895494,0.3,0.22043884277906164,0.19191880561624963,0.27305127834286536,0.2521365095366472,0.3715727380404313,0.35681686880005153,0.271875,0.3625,1,0,1,1,1,1
unknown,0.07702093385577284,0.0,0.16666666666666666,0.19877354710154593,0.1820984064244105,0.16666666666666666,0.2428252634838452,0.19900000660924236,0.3002904332646241,0.2925913921954374,0.3682241261487453,0.36002094785747063,0.271875,0.3625,1,0,1,0,1,1
unknown,0.0069158146500080415,0.0069158146500080415,0.03333333333333333,0.19547331672003354,0.19547331672003354,0.03333333333333333,0.21497783843077536,0.21497783843077536,0.29582923965758295,0.29582923965758295,0.38255429274694835,0.38255429274694835,0.271875,0.3625,1,0,1,0,1,0
unknown,0.14803238735146834,0.07422867363330739,0.26666666666666666,0.2701601737077427,0.2338362782563937,0.1,0.30467493059808415,0.26388078824112143,0.31300465972185765,0.30485815544110095,0.38640904189392844,0.3748495370226677,0.271875,0.3625,1,0,0,0,1,0
unknown,0.2429633163067095,0.2412831728793404,0.1,0.1914359841727423,0.18891826641169482,0.1,0.27100180571036486,0.2689264803236367,0.35318283280525553,0.35055594155832576,0.44296459978678654,0.43353379845583195,0.271875,0.3625,1,0,1,1,1,1
unknown,0.09222819371661035,0.0,0.16666666666666666,0.34684670870920564,0.3037677300445004,0.0,0.25644002652078596,0.22067052488457423,0.12341895024569775,0.0,0.12700320856400002,0.01040270356400388,0.238125,0.3175,1,0,0,0,1,1
unknown,0.0,0.0,0.03333333333333333,0.34343712227337353,0.34343712227337353,0.0,0.24829177756155138,0.24829177756155138,0.0,0.0,0.03102407762930317,0.03102407762930317,0.23125,0.30833333333333335,1,0,0,0,0,1
unknown,0.0,0.0,0.16666666666666666,0.3138680083406587,0.23907505029414297,0.03333333333333333,0.1831681849542278,0.11707680636833673,0.0,0.0,0.0867598535278668,0.05481282991471783,0.246875,0.32916666666666666,1,0,0,0,1,1
unknown,0.21798374129460682,0.0,0.36666666666666664,0.5604979184306241,0.35382046402302997,0.0,0.43346703221307126,0.2918678639058498,0.12470603897252085,0.0,181.74901516401667,0.051373709368031796,0.18380681818181815,0.24507575757575753,0,0,0,1,1,1
unknown,0.3039056042972079,0.0,0.13333333333333333,0.6027960815126752,0.35121143771902674,0.0,0.4628776624933776,0.26523083569879596,0.2621562460982924,0.0,874.1856606917372,0.4852855338982762,0.173828125,0.23177083333333331,0,0,1,1,0,1
unknown,0.2607133783797626,0.1615784236734221,0.23333333333333334,0.30381064292903426,0.27006034797317824,0.1,0.3874985564790803,0.37251308832322266,0.45591647636921195,0.42314946579448703,143.21749953610862,0.5219686701681243,0.29062499999999997,0.38750000000000007,1,0,0,0,1,0
unknown,0.10846300602927791,0.049983529678934345,0.13333333333333333,0.356097514745563,0.28167866261484126,0.0,0.39601514525001635,0.3275558882408948,0.4208607685026081,0.38071750081340466,749.3610773657559,0.4443094630235185,0.29140625000000003,0.3885416666666667,1,0,1,0,1,0
unknown,0.13943385834187905,0.12122128626517621,0.13333333333333333,0.28168675009727495,0.275891535631293,0.03333333333333333,0.3342841332827906,0.32740571747415975,0.34786742370929546,0.3451868295964812,0.4608006911907426,0.42653429947406085,0.290625,0.3875,1,0,1,0,1,1
unknown,0.02567024125020123,0.0,0.1,0.31644766753359893,0.2741317661322919,0.03333333333333333,0.34256860477015577,0.2960961925425877,0.39376288727617803,0.36312995924322455,0.46321693067339115,0.44448055483048,0.296875,0.3958333333333333,1,0,1,0,1,0
unknown,0.14391605013223208,0.11013812048987186,0.23333333333333334,0.40600224451947975,0.39274164278589907,0.0,0.438808450793684,0.4206238050874025,0.4499892567081745,0.4460853408980064,0.6085439333022788,0.502236925542893,0.296875,0.39583333333333337,1,0,0,0,1,1
unknown,0.2817344495425847,0.27408394556195426,0.2,0.3271625373806719,0.26934457458199274,0.06666666666666667,0.42087854288641896,0.36794212228580364,0.5631787162289412,0.4820002145187426,0.6743815970636615,0.5476765515043841,0.29062499999999997,0.3875,1,0,0,0,1,0
unknown,0.12458631995249067,0.047733974838829685,0.13333333333333333,0.3683118794253241,0.339465647612386,0.0,0.42164832388024787,0.38449604314207636,0.49492585764296976,0.4669845830030972,999.0,999.0,0.290625,0.3875,1,0,1,0,1,0
unknown,0.15405848590466198,0.15405848590466198,0.03333333333333333,0.33423884350513827,0.33423884350513827,0.0,0.3823881432562637,0.3823881432562637,0.3857007927996162,0.3857007927996162,0.4518880353006598,0.4518880353006598,0.29375,0.39166666666666666,1,0,1,0,1,1
unknown,0.1274483975428165,0.0,0.43333333333333335,0.4012382813012101,0.2983962013368358,0.0,0.44035775093719304,0.32729878479277824,0.47629179407781636,0.38591430482678646,538.1645442614124,0.4543553825348039,0.29302884615384617,0.3907051282051282,1,0,1,1,1,1
unknown,0.0822625034641635,0.0,0.3333333333333333,0.10744971990239202,0.0,0.23333333333333334,0.1342835701347773,0.0,0.1975567251443054,0.0,100.29078096877453,0.29780607635947254,0.2828125,0.3770833333333334,1,0,0,0,1,0
unknown,0.0,0.0,0.03333333333333333,0.03580675615260646,0.03580675615260646,0.03333333333333333,0.0,0.0,0.009051041399409742,0.009051041399409742,0.2907296478891632,0.2907296478891632,0.278125,0.37083333333333335,1,0,1,0,1,0
unknown,0.0,0.0,0.16666666666666666,0.04291201151166345,0.021613115251409357,0.16666666666666666,0.0,0.0,0.006965985067866304,0.0,399.77246087064185,0.26355732555191186,0.296875,0.39583333333333337,1,0,1,0,1,1
unknown,0.0,0.0,0.03333333333333333,0.16120955191297895,0.16120955191297895,0.03333333333333333,0.05853328629282501,0.05853328629282501,0.0,0.0,0.2354094603164239,0.2354094603164239,0.24375,0.325,1,0,1,0,1,0
unknown,0.0,0.0,0.23333333333333334,0.08503272707843065,0.04134882714200714,0.23333333333333334,0.016908800466137762,0.0,0.0,0.0,0.25140443331844325,0.22090669730244117,0.2714285714285714,0.3619047619047619,1,0,1,0,1,1
unknown,0.0,0.0,0.23333333333333334,0.016814364407795455,0.007663339046413208,0.23333333333333334,0.0,0.0,0.017643212226891247,0.0,0.3132211008378237,0.27141380874393134,0.278125,0.3708333333333333,1,0,0,0,1,1
unknown,0.0,0.0,0.03333333333333333,0.0,0.0,0.03333333333333333,0.0,0.0,0.03722630005989882,0.03722630005989882,0.36741437462804694,0.36741437462804694,0.275,0.36666666666666664,1,0,0,0,1,0
unknown,0.026483864162894753,0.0,1.8666666666666667,0.30470184605701395,0.09424591939534015,0.16666666666666666,0.20163708026121444,0.07310914907415894,0.09219898493462751,0.0,356.914409976741,0.07274569825815334,0.2058035714285714,0.2744047619047619,1,0,0,1,0,1
unknown,0.08208142485597215,0.0,1.5666666666666667,0.09832265501954875,0.0,0.9666666666666667,0.046478522942545696,0.0,0.02636079984043184,0.0,20.422144667499047,0.0,0.9031250000000001,1.2041666666666666,1,0,1,1,1,1
unknown,0.3040186897034574,0.0,0.16666666666666666,0.4198332821490682,0.07242769010614415,0.06666666666666667,0.24872465238948221,0.0042874255355422495,0.1436358708175265,0.047304087943794294,0.18424867903431413,0.03993415939119139,0.903125,1.2041666666666666,0,0,1,1,1,1
unknown,0.04802961765339193,0.0,1.3,0.05101126349631166,0.0,1.2333333333333334,0.017128606376165173,0.0,0.0,0.0,0.0,0.0,0.9718749999999999,1.2958333333333334,0,0,0,0,1,0
unknown,0.5151393090164366,0.33473362670580475,0.03333333333333333,0.7597337860353244,0.5936031633747121,0.0,0.717425710553558,0.553688425666792,0.6834280157066912,0.5466730178755546,946.4669088876827,0.8712688659712801,0.19276315789473683,0.2570175438596491,1,0,0,1,0,1
unknown,0.4257403857526218,0.4257403857526218,0.0,0.678840596184826,0.678840596184826,0.0,0.6326837579880676,0.6326837579880676,0.5836718310662311,0.5836718310662311,999.0,999.0,0.190625,0.25416666666666665,1,0,0,0,0,1
unknown,0.35616174315729543,0.167439181485131,0.06666666666666667,0.5835970738332941,0.5621458622350551,0.0,0.5550990131684839,0.5139795699399241,0.618198630011397,0.516854085429455,999.0,999.0,0.18784722222222222,0.25046296296296294,1,0,0,1,0,1
unknown,0.13332879552091295,0.11528041337287855,0.1,0.5398067809705075,0.5303914385743207,0.0,0.5497617843820481,0.5317101028220081,0.8892866722503739,0.881614360532974,999.0,999.0,0.165625,0.22083333333333333,0,0,0,0,0,1
unknown,0.3344354228041263,0.2920395304385533,0.16666666666666666,0.5132004541162218,0.47605677321794826,0.0,0.4799375522112318,0.42459976845059894,0.4587795787775019,0.4367885544049574,999.0,999.0,0.18437499999999998,0.24583333333333332,1,0,0,1,0,1
unknown,0.4273220780448017,0.15363938639763453,0.26666666666666666,0.6756315045811179,0.5604923495435837,0.0,0.6986887364135238,0.5642922651210556,0.9663326211704655,0.904917622109478,999.0,999.0,0.16857638888888887,0.22476851851851853,0,0,0,0,0,1
unknown,0.5221904239174205,0.5221904239174205,0.0,0.8040151889701983,0.8040151889701983,0.0,0.6672987776746513,0.6672987776746513,0.6348211684331868,0.6348211684331868,0.6249146308886919,0.6249146308886919,0.215625,0.2875,1,0,0,0,0,1
unknown,0.6090183867064749,0.2764027795432976,0.06666666666666667,0.8480682023091587,0.5647351271619792,0.0,0.830385026342799,0.6656672208843301,0.8200513461024359,0.6447914576325846,17.782945123807412,0.6303585614176135,0.21101694915254232,0.2813559322033899,1,0,0,1,0,1
unknown,0.5236862655875361,0.46274545942671985,0.0,0.7186984580880093,0.7021315384568851,0.0,0.8234368742727854,0.7853441340845138,0.8528130479973012,0.8337203330533137,999.0,999.0,0.153125,0.2041666666666667,0,0,0,0,0,1
unknown,0.5167739614690249,0.45838377333095287,0.0,0.7388593535215885,0.7307764918770387,0.0,0.8439820907495333,0.8230403794592539,0.8557564094174487,0.8424968772611964,999.0,999.0,0.14895833333333333,0.1986111111111111,0,0,1,1,0,1
unknown,0.0,0.0,2.2666666666666666,0.0,0.0,2.2666666666666666,0.0,0.0,0.0,0.0,999.0,999.0,0.5093749999999999,0.6791666666666667,0,0,1,1,1,1
unknown,0.0,0.0,0.3,0.4941612614771967,0.48082567567305706,0.0,0.32791703572289005,0.3208679647857046,7.446198709993378e-05,0.0,999.0,999.0,0.16493055555555552,0.21990740740740738,0,0,1,1,0,1
unknown,0.003144801932748393,0.0,0.3333333333333333,0.004521287978396243,0.0,0.3333333333333333,0.0,0.0,0.05860376916369257,0.034737785464605465,499.6403683354082,0.2648787789388024,0.175,0.23333333333333334,0,1,1,1,1,1
unknown,0.0,0.0,0.06666666666666667,0.18933554596086022,0.18622681480740008,0.06666666666666667,0.03288810372843306,0.03213510488722263,0.0,0.0,999.0,999.0,0.171875,0.22916666666666666,0,1,0,0,0,1
unknown,0.011550998353335465,0.0,1.8,0.006094609932319672,0.0,1.8,0.0012136942008537444,0.0,0.0013946046800801535,0.0,999.0,999.0,0.484375,0.6458333333333336,0,1,1,1,1,1
unknown,0.2700379337826431,0.2700379337826431,0.03333333333333333,0.16603304410058645,0.16603304410058645,0.03333333333333333,0.02637688184256024,0.02637688184256024,0.039161268085910306,0.039161268085910306,999.0,999.0,0.484375,0.6458333333333334,0,0,1,1,1,1
unknown,0.038942636966653524,0.038942636966653524,0.03333333333333333,0.11794079444254339,0.11794079444254339,0.03333333333333333,0.0,0.0,0.01530983014406162,0.01530983014406162,999.0,999.0,0.484375,0.6458333333333334,0,1,1,1,1,1
unknown,0.0,0.0,0.06666666666666667,0.1029258545750253,0.10235623804764335,0.06666666666666667,0.0,0.0,0.018760759082423514,0.008032722330389883,999.0,999.0,0.484375,0.6458333333333334,0,0,1,1,1,1
unknown,0.076724241727936,0.028993169404167872,0.6,0.10344516199524795,0.05588390005968648,0.6,0.002555494131052939,0.0,0.01890465261701003,0.0,999.0,999.0,0.484375,0.6458333333333335,0,1,1,1,1,1
unknown,0.07914841108642207,0.04757254633021264,0.06666666666666667,0.09068114570737483,0.0832242054823647,0.06666666666666667,0.0,0.0,0.014889861859864984,0.001414206666226026,999.0,999.0,0.484375,0.6458333333333334,0,0,1,1,1,1
unknown,0.016040361100687725,0.0,2.2,0.03470621939613356,0.0,2.2,0.0032892819261434794,0.0,0.00781677471011656,0.0,999.0,999.0,0.4877840909090909,0.650378787878788,0,1,1,1,1,1
unknown,0.10877778665062958,0.10877778665062958,0.03333333333333333,0.1004457076872739,0.1004457076872739,0.03333333333333333,0.0,0.0,0.0,0.0,999.0,999.0,0.503125,0.6708333333333333,0,0,1,1,1,1
unknown,0.03215345130851969,0.0,0.43333333333333335,0.02025625053977977,0.0,0.43333333333333335,0.0,0.0,0.0,0.0,999.0,999.0,0.5117788461538462,0.6823717948717949,0,1,1,1,1,1
unknown,0.05724005115597229,0.0,1.4333333333333333,0.11213854148866399,0.0,0.7333333333333333,0.09468225576556734,0.0,0.12479337383515217,0.0,46.56601684665029,0.0,0.5282703488372092,0.704360465116279,0,0,1,1,1,1
unknown,0.0,0.0,0.06666666666666667,0.170936400630672,0.16979863912714444,0.06666666666666667,0.16204959370528715,0.16185013113442637,0.258938999811988,0.2580713938172748,0.07040364033836392,0.027291251389182824,0.56875,0.7583333333333333,0,0,0,1,1,1
unknown,0.1484354579550644,0.0,0.5666666666666667,0.2880963659430611,0.1866975258753023,0.16666666666666666,0.25334949592527595,0.15055795613567574,0.2992967114000123,0.23935014892857726,0.29232598142642374,0.055049460148485406,0.571875,0.7624999999999998,0,0,1,1,1,1
unknown,0.17064976548096175,0.1584599635122074,0.13333333333333333,0.3173305213788185,0.28173807263806433,0.0,0.25191394817610613,0.223751611805667,0.25416968150484326,0.24446971835206283,499.61932066597785,0.23555327356127703,0.571875,0.7625,0,0,0,1,1,1
unknown,0.1549663723767837,0.034802661753697575,0.16666666666666666,0.30698861851116693,0.2719209942257193,0.06666666666666667,0.2563906560247676,0.2347558280526516,0.277606474351761,0.26164216004897384,0.26777600574713223,0.240128063372404,0.571875,0.7625,0,0,1,1,1,1
unknown,0.19185227815859687,0.19185227815859687,0.03333333333333333,0.29534925246098254,0.29534925246098254,0.0,0.32481147708577096,0.32481147708577096,0.5011558493710939,0.5011558493710939,0.6008028921481673,0.6008028921481673,0.1375,0.18333333333333332,1,0,0,0,1,1
unknown,0.17072546231527774,0.1552209074803544,0.1,0.23179770322406104,0.08310702452492323,0.03333333333333333,0.26353208861767413,0.19036995837622436,0.4815174491510364,0.4539378602001688,0.5985661653418973,0.579020011017606,0.14479166666666668,0.19305555555555556,1,0,0,1,1,1
unknown,0.026350114260310725,0.026350114260310725,0.03333333333333333,0.27501396524274296,0.27501396524274296,0.03333333333333333,0.2614138116173069,0.2614138116173069,0.4372365773382417,0.4372365773382417,0.5563008324208477,0.5563008324208477,0.134375,0.17916666666666667,1,0,0,0,0,1
unknown,0.1587172381987761,0.10653441660863268,0.16666666666666666,0.2694347468811424,0.1637930388499419,0.06666666666666667,0.31039909734273674,0.2595780724934648,0.46836755894293747,0.4263312959752779,0.5692966972371533,0.48599573891568537,0.1425,0.19,1,0,0,1,1,1
unknown,0.08200185518865505,0.0007263213094684903,0.06666666666666667,0.16716598638373345,0.15863555715939676,0.06666666666666667,0.2600140502448164,0.250033643075165,0.4913812237022156,0.4844948576225422,0.7074406218134848,0.7022485384976737,0.1578125,0.21041666666666667,0,0,0,0,0,1
unknown,0.1725657645405054,0.0,1.8,0.15181917247385476,0.0,1.3666666666666667,0.2519514000573461,0.0,0.5287965749413048,0.24590700675243976,0.47052422518087267,0.22773733280034794,0.39687500000000014,0.5291666666666668,1,0,0,1,1,1
unknown,0.07333904663269894,0.0,0.5,0.01033327906776534,0.0,0.5,0.0,0.0,0.22587618603245005,0.1047605907268387,466.46571396117156,0.42124506564000946,0.17666666666666667,0.23555555555555555,0,0,0,0,0,1
unknown,0.0,0.0,0.1,0.039857711945708064,0.02294328283901922,0.1,0.0,0.0,0.0951747999614217,0.08364931252112906,0.4188303690124588,0.40670982351961016,0.16770833333333335,0.2236111111111111,1,0,0,1,0,1
unknown,0.2055712269509547,0.0,0.36666666666666664,0.2428368967537353,0.0,0.36666666666666664,0.3234294582651951,0.0,0.6172188977667489,0.10012776079725155,286.106110085389,0.6279698325937159,0.12872023809523808,0.17162698412698413,0,0,0,0,0,1
unknown,0.010159194018842396,0.0,1.1333333333333333,0.04439688337858295,0.0,1.1333333333333333,0.024035903301781184,0.0,0.029847375140211883,0.0,323.2318110482002,0.0,0.4375,0.5833333333333333,0,0,1,1,1,1
unknown,0.0,0.0,0.03333333333333333,0.0,0.0,0.03333333333333333,0.0,0.0,0.0,0.0,0.12038210262290788,0.12038210262290788,0.4375,0.5833333333333334,0,0,0,0,1,1
unknown,0.0,0.0,0.1,0.0,0.0,0.1,0.0,0.0,0.0,0.0,333.0,0.0,0.4375,0.5833333333333334,0,0,0,0,1,0
unknown,0.0,0.0,0.4666666666666667,0.0,0.0,0.4666666666666667,0.0,0.0,0.0,0.0,856.2857142857143,0.0,0.59375,0.7916666666666666,1,0,1,1,1,1
unknown,0.0,0.0,0.03333333333333333,0.0,0.0,0.03333333333333333,0.0,0.0,0.0,0.0,999.0,999.0,0.59375,0.7916666666666666,0,0,1,1,1,1
unknown,0.0,0.0,0.1,0.0,0.0,0.1,0.0,0.0,0.0,0.0,999.0,999.0,0.59375,0.7916666666666666,1,0,1,1,1,1
unknown,0.0,0.0,0.03333333333333333,0.0,0.0,0.03333333333333333,0.0,0.0,0.0,0.0,999.0,999.0,0.59375,0.7916666666666666,0,0,1,1,1,1
unknown,0.0,0.0,1.2666666666666666,0.06380971062358022,0.0,1.2666666666666666,0.009433596782471637,0.0,0.0,0.0,972.7105263157895,0.0,0.59375,0.7916666666666669,1,0,1,1,1,1
unknown,0.016939372635314663,0.0,0.26666666666666666,0.2234910709597727,0.12741321984029574,0.26666666666666666,0.07385325102578276,0.004891114475369745,0.06892605073455449,0.04014567180776835,749.2636440265464,0.05007854378057397,0.59375,0.7916666666666666,0,0,1,1,1,1
unknown,0.04681161124854791,0.0,1.2333333333333334,0.167326105194741,0.0,1.2333333333333334,0.08203234312687484,0.0,0.09301587603829745,0.0,918.011253486247,0.12208523524075623,0.59375,0.7916666666666667,1,0,1,1,1,1
unknown,0.0034095719957684943,0.0,0.4,0.04209219599257061,0.0,0.4,0.017384809038551604,0.0,0.019108609013739383,0.0,166.5168122719571,0.0,0.990625,1.320833333333333,0,0,1,1,1,1
unknown,0.054311242154733104,0.0,0.3,0.09249478539708049,0.0,0.3,0.06822314527371826,0.0,0.08506261227994932,0.0,333.0688826654654,0.0205698260165374,0.521875,0.6958333333333333,0,0,0,1,1,1
unknown,0.33272812189241974,0.32076927217041273,0.06666666666666667,0.6183557831144567,0.5955686458412924,0.0,0.4611943407172293,0.44408612914000783,0.4193706066845658,0.412157818409242,999.0,999.0,0.128125,0.17083333333333334,0,0,0,0,0,1
unknown,0.00027619048942701497,0.0,0.1,0.38533818135040554,0.3506841023089542,0.0,0.24240982506577535,0.20573637475258688,0.20194881382027538,0.1603844516574645,666.144877429583,0.43463228874889337,0.125,0.16666666666666666,0,0,1,1,0,1
unknown,1.6889656801918365,1.1177665468985085,0.0,1.7390611294436946,1.2571563136440784,0.0,1.584167057289154,1.1248660356707814,1.3211006511533518,0.9486967697195178,1.3408750525282225,1.0162050786635157,0.36249999999999993,0.48333333333333334,0,0,1,1,1,1
unknown,1.484522908252087,1.436343910783284,0.0,1.4849265459268823,1.450722146074631,0.0,1.3613726510437938,1.3217686337866077,1.1337891619796192,1.1058903694492723,1.0867721133599306,1.024794283749476,0.3625,0.48333333333333334,0,0,0,0,1,0
unknown,0.033396768588826044,0.0,1.0666666666666667,0.010479272512464147,0.0,1.0666666666666667,0.0,0.0,0.0,0.0,124.875,0.0,0.828125,1.1041666666666667,1,0,1,1,1,1
unknown,0.06363875849056351,0.0,0.06666666666666667,0.010114192604994146,0.0,0.06666666666666667,0.0,0.0,0.0,0.0,499.5,0.0,0.828125,1.1041666666666667,0,0,1,1,1,1
unknown,0.17305426804072974,0.0,0.3,0.1702223794724809,0.0,0.26666666666666666,0.09763215313302671,0.0,0.001727515279689402,0.0,149.89485534469998,0.0,0.828125,1.104166666666667,1,0,1,1,1,1
unknown,0.0,0.0,0.03333333333333333,0.07626734097480807,0.07626734097480807,0.03333333333333333,0.0329393569491374,0.0329393569491374,0.11458738927627772,0.11458738927627772,0.18185862868274957,0.18185862868274957,0.146875,0.19583333333333333,1,0,0,1,0,1
unknown,0.17770464758249624,0.17770464758249624,0.03333333333333333,0.2781883002225164,0.2781883002225164,0.03333333333333333,0.41280607406129854,0.41280607406129854,0.7196218788523085,0.7196218788523085,0.607344021831469,0.607344021831469,0.14375,0.19166666666666668,1,0,0,0,0,1
unknown,0.37106499977900476,0.18440268655131437,0.06666666666666667,0.5431133417275119,0.5120715247754096,0.0,0.5049096110189034,0.44057071284562044,0.4531284439129782,0.4365938292479915,999.0,999.0,0.17395833333333335,0.23194444444444443,1,0,0,1,0,1
unknown,0.41978088550182535,0.14810242681157995,0.16666666666666666,0.4741969675941228,0.36253880246962517,0.0,0.5568856375144318,0.3801769718255797,0.8366434028459605,0.5756528675618143,999.0,999.0,0.15085227272727275,0.20113636363636364,0,0,0,0,0,1
unknown,0.22756502357015115,0.22756502357015115,0.03333333333333333,0.514200717552425,0.514200717552425,0.0,0.5587438708725774,0.5587438708725774,0.8227916755837904,0.8227916755837904,999.0,999.0,0.146875,0.19583333333333333,1,0,0,1,0,1
unknown,0.4120753694283892,0.13217861634554615,0.1,0.5360714932964443,0.4877594926844872,0.0,0.5913488646490704,0.5353914166748781,0.8642540659539915,0.7988867128620745,999.0,999.0,0.1534722222222222,0.20462962962962963,0,0,0,0,0,1
unknown,0.0021266550171653515,0.0,0.1,0.1444023964804886,0.13393933731838326,0.1,0.01739318696831985,0.0029652432885919574,0.08963976097259212,0.055928242224597344,999.0,999.0,0.209375,0.2791666666666667,1,0,0,1,0,1
unknown,0.17391007185551266,0.024516335385123895,0.2,0.0003838111751954885,0.0,0.4,0.10183216557743431,0.0,0.5384371025539331,0.404779850661908,999.0,999.0,0.19453125000000002,0.259375,0,0,0,0,0,1
unknown,0.35778444617202876,0.35778444617202876,0.0,0.5821282128622757,0.5821282128622757,0.0,0.4317216635908145,0.4317216635908145,0.4727813031960665,0.4727813031960665,0.4962739377209835,0.4962739377209835,0.234375,0.3125,1,0,0,0,0,1
unknown,0.5622841266655846,0.3686595327668606,0.0,0.7808935577136665,0.6354272274115497,0.0,0.7382695518860918,0.4660493534959363,0.6925807907546813,0.4739717727904765,832.615364548575,0.48876702306334846,0.234375,0.3125,1,0,0,1,0,1
unknown,0.5865159541524492,0.5865159541524492,0.0,0.7205343777317512,0.7205343777317512,0.0,0.6055893891533382,0.6055893891533382,0.5969875925062573,0.5969875925062573,999.0,999.0,0.234375,0.3125,1,0,0,0,0,1
unknown,0.6227373658051445,0.6227373658051445,0.0,0.7981867512738919,0.7981867512738919,0.0,0.6626228696156995,0.6626228696156995,0.6425600476590214,0.6425600476590214,999.0,999.0,0.234375,0.3125,1,0,0,1,0,1
unknown,0.629147544578122,0.629147544578122,0.0,0.8061893066479345,0.8061893066479345,0.0,0.7897235287524659,0.7897235287524659,0.7325684007616153,0.7325684007616153,0.8247753476467969,0.8247753476467969,0.234375,0.3125,1,0,0,0,0,1
unknown,0.44849651125279516,0.16382652215163204,0.06666666666666667,0.7474489563545691,0.5141762712271086,0.0,0.7086429272039303,0.41314429393060415,0.6935462843894425,0.49429433837794834,167.00517660917663,0.23465399940011944,0.23645833333333333,0.31527777777777777,1,0,0,1,0,1
unknown,0.5908571811441787,0.47680781174603937,0.0,0.6794148074913668,0.6163381070927674,0.0,0.7325462161358598,0.6182895427374191,0.8993671792580841,0.8582572211324022,1.173337360226113,1.1082034522002513,0.19609375,0.26145833333333335,0,0,0,0,0,1
unknown,0.49246460269208797,0.27819531712122436,0.03333333333333333,0.8074600081590501,0.7157995454851638,0.0,0.87338102843549,0.8387486685112164,0.8189033294097814,0.7940757943037612,999.0,999.0,0.1875,0.25,0,0,1,1,0,1
unknown,0.019178646691547167,0.0,0.3333333333333333,0.06726440032124983,0.03943604733327218,0.3333333333333333,0.0,0.0,0.0,0.0,999.0,999.0,0.7021875,0.93625,0,1,1,1,1,1
unknown,0.0,0.0,0.03333333333333333,0.0917666708666626,0.0917666708666626,0.03333333333333333,0.0,0.0,0.020607993707881096,0.020607993707881096,999.0,999.0,0.703125,0.9375,0,0,1,1,1,1
unknown,0.02269179807748388,0.0,1.6666666666666667,0.004385995604881878,0.0,1.6666666666666667,0.0,0.0,0.0013141416715370486,0.0,579.4384837059544,0.030764001777798696,0.6466875000000001,0.86225,0,1,1,1,1,1
unknown,0.10132374024000088,0.0,0.3333333333333333,0.12210166091988524,0.0,0.3333333333333333,0.06967501256724629,0.0,0.08077108629501815,0.0,0.07449708542857442,0.0,0.45625,0.6083333333333333,0,0,1,1,1,1
unknown,0.08701282639240918,0.0,0.3,0.15719856457248063,0.0,0.2,0.10292326037743692,0.0,0.1201812912055739,0.0,222.07201659159773,0.0,0.453125,0.6041666666666666,0,0,0,1,1,1
unknown,0.16680880776414123,0.024372144864106233,0.4,0.2099847879371306,0.06912139457339564,0.26666666666666666,0.145628703093492,0.019924904042454554,0.16715319286756505,0.034797963655629746,83.38677132393038,0.0,0.453125,0.6041666666666667,0,0,1,1,1,1
unknown,0.0,0.0,0.2,0.0,0.0,0.2,0.0,0.0,0.0,0.0,499.5,0.0,0.49374999999999997,0.6583333333333333,0,0,0,1,1,1
unknown,0.08955207179825522,0.0,0.7,0.11508033917050622,0.0,0.7,0.0735252754123311,0.0,0.1409622933124859,0.02097969913469777,808.7321879390892,0.0,0.9441964285714284,1.2589285714285712,1,0,1,1,1,1
unknown,0.15552005261182508,0.0,1.0333333333333334,0.29596512835102623,0.007181784495968843,0.8333333333333334,0.27144268302381475,0.0,0.3178842584497345,0.05327373582813231,104.54601438471667,0.33102185209790874,0.14772135416666665,0.19696180555555556,0,0,0,0,0,1
unknown,0.10131037920004156,0.0,0.4666666666666667,0.2821587525398771,0.2639640244743651,0.06666666666666667,0.17288939857208163,0.1443058627255911,0.0011927726556651874,0.0,214.146858344182,0.07286436584764627,0.2468750000000001,0.32916666666666666,1,0,0,1,0,1
unknown,0.0,0.0,0.16666666666666666,0.0396882988999086,0.0,0.16666666666666666,0.0,0.0,0.0,0.0,999.0,999.0,0.453125,0.6041666666666666,1,1,1,1,1,1
unknown,0.0,0.0,0.4,0.03012990250970563,0.0,0.4,0.0,0.0,0.0,0.0,999.0,999.0,0.453125,0.6041666666666667,0,0,1,1,1,1
unknown,0.000948988325656023,0.0,2.9,0.03854548300991631,0.0,2.9,0.0003072842421919612,0.0,0.0008286841033538357,0.0,815.2844378164681,0.0,0.453125,0.6041666666666665,1,0,1,1,1,1
unknown,0.15211513330451004,0.12056468095772661,0.3,0.2710012085117947,0.23739194458581564,0.23333333333333334,0.20949479177581387,0.1763967682543484,0.21061896308252714,0.17590317486453314,222.2228302037177,0.21965588856964155,0.4593749999999999,0.6125,0,1,1,1,1,1
unknown,0.017070279569542803,0.0,0.3333333333333333,0.0969199024346828,0.0,0.3333333333333333,0.02739966957034819,0.0,0.027636544180614897,0.0,699.3344423830133,0.03524486317531133,0.45625,0.6083333333333333,0,0,1,1,1,1
unknown,0.0,0.0,0.26666666666666666,0.04618387187863663,0.0,0.26666666666666666,0.0,0.0,0.0,0.0,499.5,0.0,0.45625,0.6083333333333333,1,0,1,1,1,1
unknown,0.1874427193597228,0.0,0.26666666666666666,0.27294690193885107,0.0,0.1,0.2118806296659601,0.0,0.22270571964069363,0.0,624.4807662565446,0.265749930654657,0.453515625,0.6046875,1,1,1,1,1,1
unknown,0.0,0.0,0.03333333333333333,0.11753220275063934,0.11753220275063934,0.03333333333333333,0.05145027282476754,0.05145027282476754,0.03734918034718867,0.03734918034718867,999.0,999.0,0.45625,0.6083333333333333,1,0,1,1,1,1
unknown,0.0,0.0,0.6666666666666666,0.04618114328903208,0.0,0.6666666666666666,0.0020287147823462707,0.0,0.0044266773741949,0.0,899.1091757561096,0.09041373425048835,0.453125,0.6041666666666665,0,1,1,1,1,1
unknown,0.0,0.0,0.06666666666666667,0.08841078386500872,0.08746221291077375,0.06666666666666667,0.0,0.0,0.0,0.0,999.0,999.0,0.453125,0.6041666666666666,0,0,1,1,1,1
unknown,0.0,0.0,0.9,0.06808916789326692,0.03016512983739105,0.9,0.0018084450512715993,0.0,0.0025466951509862668,0.0,777.0208808156555,0.054140188325443296,0.453125,0.6041666666666666,0,1,1,1,1,1
unknown,0.0,0.0,0.03333333333333333,0.07310316999015246,0.07310316999015246,0.03333333333333333,0.0,0.0,0.024399722446257755,0.024399722446257755,999.0,999.0,0.453125,0.6041666666666666,0,0,1,1,1,1
unknown,0.006993586371696076,0.0,1.5,0.07004978271648918,0.0,1.5,0.008002783394454788,0.0,0.020229755131435108,0.0,888.0148864412458,0.04717680196803471,0.453125,0.6041666666666667,0,1,1,1,1,1
unknown,0.0,0.0,0.06666666666666667,0.0011952367344137118,0.0,0.06666666666666667,0.0,0.0,0.0,0.0,0.0,0.0,0.378125,0.5041666666666667,0,0,0,1,1,1
unknown,0.0,0.0,0.13333333333333333,0.0,0.0,0.13333333333333333,0.0,0.0,0.0,0.0,0.0,0.0,0.378125,0.5041666666666667,1,0,0,1,1,1
unknown,0.1342574939874669,0.1342574939874669,0.03333333333333333,0.15758753469759104,0.15758753469759104,0.03333333333333333,0.09681585317724922,0.09681585317724922,0.1135843003718306,0.1135843003718306,0.11560836274815287,0.11560836274815287,0.46875,0.625,0,0,1,1,1,0
unknown,0.07671074468210587,0.0,1.0333333333333334,0.13433657939231333,0.015521703680517276,1.0333333333333334,0.08313523129230585,0.0028208077170127754,0.10395693788187069,0.062186347648661724,0.09055986882579466,0.037475541615549855,0.4686491935483871,0.6248655913978495,0,0,1,1,1,1
unknown,0.0,0.0,0.03333333333333333,0.0,0.0,0.03333333333333333,0.0,0.0,0.0,0.0,0.078537745713556,0.078537745713556,0.328125,0.4375,0,0,0,0,1,0
unknown,0.0498373708826955,0.0,0.4,0.23342766206422252,0.20217620302550382,0.4,0.06839797283528819,0.02958161706058564,0.0,0.0,999.0,999.0,0.23776041666666667,0.3170138888888889,1,0,0,1,0,1
unknown,0.09402155468006446,0.05516830769810042,0.16666666666666666,0.4395036480281056,0.4226496208804131,0.0,0.2638035947682258,0.25172011975768066,0.0,0.0,999.0,999.0,0.184375,0.2458333333333333,0,0,1,1,0,1
unknown,0.13889993826839997,0.0,0.36666666666666664,0.3290123273645727,0.22424321451570042,0.13333333333333333,0.14910764470272747,0.0416181612386959,0.04090503736179668,0.0,999.0,999.0,0.22828125,0.304375,1,0,0,1,0,1
unknown,0.1241861491495567,0.0,0.5666666666666667,0.3856092662329204,0.20834001717703685,0.23333333333333334,0.21035406866516895,0.0,0.1049919110302993,0.0,856.2857142857143,0.0,0.1982142857142857,0.2642857142857143,1,0,0,0,1,1
unknown,0.10075256113584384,0.004129915744607217,0.1,0.40323184539891394,0.3490467243426325,0.0,0.43464024064800727,0.38086651493829,0.4327585824755824,0.3908755307517052,999.0,999.0,0.140625,0.1875,1,0,1,0,1,1
unknown,0.32283111518481833,0.0496088408609686,0.3333333333333333,0.6319343973270407,0.5056368803108883,0.0,0.3996870766744182,0.2706192438806258,0.2491474556743692,0.1396432288068874,666.097193557967,0.24235023128859257,0.18437500000000007,0.24583333333333324,0,0,1,1,0,1
unknown,0.0,0.0,0.03333333333333333,0.20934210432898545,0.20934210432898545,0.03333333333333333,0.11522252897344054,0.11522252897344054,0.2499925651771405,0.2499925651771405,999.0,999.0,0.140625,0.1875,1,0,1,0,1,1
unknown,0.06506764942921794,0.0,0.3,0.30888184620692627,0.199178700892082,0.16666666666666666,0.26457342709491516,0.10528658568267547,0.33445290064519356,0.2736805562786902,999.0,999.0,0.1204861111111111,0.16064814814814815,0,0,1,0,1,1
unknown,0.0,0.0,0.03333333333333333,0.29612807413261427,0.29612807413261427,0.0,0.2541676966209962,0.2541676966209962,0.2708281976216246,0.2708281976216246,999.0,999.0,0.11875,0.15833333333333333,1,0,1,0,1,1
unknown,0.3103944919765896,0.0,0.2,0.5428381760066615,0.4086358910531828,0.0,0.33340280144448736,0.21146992675777498,0.15554139394002112,0.024522515875307807,999.0,999.0,0.209375,0.27916666666666673,0,0,1,1,0,1
unknown,0.0,0.0,0.03333333333333333,0.2404965751501424,0.2404965751501424,0.03333333333333333,0.04720534268335148,0.04720534268335148,0.21938520005155454,0.21938520005155454,999.0,999.0,0.14375,0.19166666666666668,1,0,1,0,1,0
unknown,0.06152545530286567,0.0,0.3,0.3001904193390213,0.2080015298704013,0.1,0.20266199434895638,0.04127767975794527,0.26184396640776836,0.20663838551364863,999.0,999.0,0.12951388888888887,0.1726851851851852,0,0,1,0,1,1
unknown,0.0,0.0,0.03333333333333333,0.3386201725321007,0.3386201725321007,0.0,0.2531836074828717,0.2531836074828717,0.22659419477569728,0.22659419477569728,999.0,999.0,0.128125,0.17083333333333334,1,0,1,0,1,1
unknown,0.648168560136038,0.6437648347234857,0.0,0.6553540209699036,0.6368515368051814,0.0,0.4709570464170697,0.46627108097394254,0.264640230586336,0.2603521816851039,499.65208358999854,0.3041671799970778,0.209375,0.2791666666666667,0,0,1,1,0,0
unknown,0.07059237048323332,0.0,0.4666666666666667,0.4582359538192117,0.3192612236719721,0.0,0.27570416260983654,0.17387922226132516,0.13713276499414592,0.0,927.6551818585028,0.17254601904009925,0.2265625,0.30208333333333337,1,0,0,0,1,1
unknown,0.0,0.0,0.23333333333333334,0.338384153094249,0.2714602784696419,0.03333333333333333,0.1864114073405123,0.12616821193535618,0.004042296124333254,0.0,999.0,999.0,0.19107142857142856,0.2547619047619048,0,0,1,1,0,1
unknown,0.05002169361602504,0.0,0.6,0.4848434907133234,0.3442214485411823,0.0,0.31913495856958585,0.194914389726975,0.08079434215482534,0.0,999.0,999.0,0.18975694444444446,0.25300925925925927,0,0,0,1,1,1
unknown,0.03435775231088959,0.03435775231088959,0.03333333333333333,0.20605360313560095,0.20605360313560095,0.03333333333333333,0.0652003291468974,0.0652003291468974,0.1186066255201189,0.1186066255201189,0.3497157088963203,0.3497157088963203,0.109375,0.14583333333333334,1,0,1,0,1,1
unknown,0.010167276820564428,0.0,0.06666666666666667,0.2380047678751323,0.1968116704032776,0.06666666666666667,0.14582749860557714,0.12995812031504927,0.14267682842176888,0.12153851255992541,0.3047411489276838,0.26669295897728706,0.1140625,0.15208333333333335,0,0,1,0,1,1
unknown,0.0,0.0,0.03333333333333333,0.2864674870895711,0.2864674870895711,0.0,0.17533852618318704,0.17533852618318704,0.12510494703340738,0.12510494703340738,0.24716257325072483,0.24716257325072483,0.11875,0.15833333333333333,0,0,1,0,0,1
unknown,0.0,0.0,0.03333333333333333,0.2773611075763771,0.2773611075763771,0.03333333333333333,0.16815165294647244,0.16815165294647244,0.12019581265616364,0.12019581265616364,0.25121752326652147,0.25121752326652147,0.11875,0.15833333333333333,0,0,1,0,1,1
unknown,0.013865551900269026,0.0,0.06666666666666667,0.2822295067598921,0.27887489931657955,0.03333333333333333,0.18786735203425953,0.16777023369458702,0.1280101525512447,0.10354284471443471,0.2528682151938431,0.24976024613979406,0.121875,0.1625,0,0,1,1,1,1
unknown,0.027913031762808266,0.027913031762808266,0.03333333333333333,0.2900735980161345,0.2900735980161345,0.0,0.22058579786453913,0.22058579786453913,0.16052174506661276,0.16052174506661276,0.24517070766805601,0.24517070766805601,0.121875,0.1625,1,0,1,1,0,1
unknown,0.04855696632424163,0.038291218039370106,0.13333333333333333,0.29770545704660767,0.29161109583564554,0.0,0.2131017059741405,0.20931227565400032,0.14729091902960129,0.13849290526227856,0.24447382427524833,0.23609607717056114,0.1203125,0.16041666666666665,1,0,0,0,0,1
unknown,0.0,0.0,0.03333333333333333,0.255235145539249,0.255235145539249,0.03333333333333333,0.27597895556750784,0.27597895556750784,0.34061645516157557,0.34061645516157557,0.47697743344162996,0.47697743344162996,0.109375,0.14583333333333334,0,0,1,0,0,1
unknown,0.0,0.0,0.03333333333333333,0.244442761977183,0.244442761977183,0.03333333333333333,0.26920588308828,0.26920588308828,0.339952533550277,0.339952533550277,0.4828474614586821,0.4828474614586821,0.1125,0.15,0,0,1,0,1,1
unknown,0.10172914633824126,0.039819969304615094,0.2,0.17418478228470416,0.1396977425044021,0.2,0.2756958057821293,0.21182294222145723,0.3396720690004759,0.32369933185403454,0.5226812913764693,0.5109264856189092,0.11406250000000001,0.15208333333333335,0,0,1,1,1,1
unknown,0.05658784087936336,0.05263849602458635,0.2,0.16858442062409054,0.15843276427376152,0.2,0.22662293855603174,0.2061206674067717,0.31596339656206945,0.29908505316191597,0.5194617740960856,0.5054393898810113,0.11874999999999998,0.15833333333333333,1,0,1,1,1,1
unknown,0.01401929917707175,0.0,0.1,0.13352278468704873,0.12203854181869976,0.1,0.052043002170867124,0.025813037355220298,0.11316294151063067,0.10387298953025188,0.34365177573748523,0.33864840652743616,0.1395833333333333,0.18611111111111112,1,0,1,0,1,1
unknown,0.0,0.0,0.1,0.03713009774558675,0.020687681478069857,0.1,0.00022442469744976011,0.0,0.20423222840377186,0.20068894560245948,0.4645741579744069,0.45874791309901075,0.146875,0.19583333333333333,0,0,1,0,1,1
unknown,0.031183449749684927,0.031183449749684927,0.03333333333333333,0.01214576641115251,0.01214576641115251,0.03333333333333333,0.020341319255764875,0.020341319255764875,0.22185030780566742,0.22185030780566742,0.4634728018550079,0.4634728018550079,0.146875,0.19583333333333333,1,0,1,0,1,1
unknown,0.044208474207762555,0.026458446471523987,0.16666666666666666,0.0028071843837488286,0.0,0.16666666666666666,0.0,0.0,0.21144537007401082,0.2034178803871895,0.4634958845841138,0.4599984089500845,0.14750000000000002,0.19666666666666668,1,0,0,0,1,1
unknown,0.5338465536282541,0.36522331739209996,0.0,0.7322921920658995,0.6866288002987375,0.0,0.5509493693417907,0.4907842452975031,0.47564859252638464,0.4418165764670785,999.0,999.0,0.14999999999999997,0.20000000000000004,0,0,1,1,0,1
unknown,0.12029699806791272,0.10171996679752571,0.16666666666666666,0.02292980631010436,0.0,0.16666666666666666,0.15990089534619184,0.06143187319772504,0.6640621501875101,0.5574885060543403,999.0,999.0,0.139375,0.18583333333333335,0,0,0,0,0,1
unknown,0.4424670933973804,0.0729848720332547,0.1,0.7550899179766084,0.4973719639709999,0.0,0.5567869656382035,0.3287993316216761,0.47739914865855065,0.3349187864017039,999.0,999.0,0.13656249999999998,0.18208333333333332,0,0,1,1,0,1
unknown,0.0358211294322178,0.0129038230405319,0.23333333333333334,0.08187667773448555,0.030523238159686977,0.23333333333333334,0.13253484509689045,0.09413692244117348,0.6313704103934826,0.4443465184216805,999.0,999.0,0.13526785714285716,0.18035714285714285,0,0,0,0,0,1
unknown,0.2117442585580602,0.013318089431018186,0.2,0.6889768336401461,0.5538621651097662,0.0,0.48939629951871716,0.3850022780773049,0.36318953315567964,0.31991251055789344,999.0,999.0,0.1432291666666667,0.1909722222222222,0,0,1,1,0,1
unknown,0.0033389814655356426,0.0,0.2,0.019208585499793616,0.0,0.2,0.06443520488110692,0.012815638201844068,0.5869470789444419,0.5099452979025195,999.0,999.0,0.14427083333333332,0.1923611111111111,0,0,0,0,0,1
unknown,0.09617496440962425,0.0,0.13333333333333333,0.5861072953933861,0.4860824755374742,0.0,0.38567603840214054,0.30854348665928677,0.27397162921227924,0.2214261322714336,999.0,999.0,0.1475,0.19666666666666666,0,0,1,1,0,1
unknown,0.0010118484814357746,0.0,0.5666666666666667,0.3667001966150386,0.18865905787441192,0.03333333333333333,0.21816656994487701,0.032072273014398606,0.0,0.0,999.0,999.0,0.2034926470588235,0.2713235294117647,0,0,0,1,1,1
unknown,0.0,0.0,0.3333333333333333,0.3723113022295117,0.34280613917898173,0.0,0.21901449053200012,0.19466692576698652,0.000864840137988088,0.0,999.0,999.0,0.1965625,0.2620833333333333,0,0,1,1,0,1
unknown,0.024041761730457183,0.0,0.4666666666666667,0.35414814618165397,0.27858902695405713,0.06666666666666667,0.18091421203917638,0.10328101039057488,0.0,0.0,856.298534497157,0.06757578608567487,0.22544642857142855,0.3005952380952381,1,0,0,0,1,1
unknown,0.05342725608644157,0.05342725608644157,0.03333333333333333,0.08700684451455062,0.08700684451455062,0.03333333333333333,0.2475382310304127,0.2475382310304127,0.6689221398331436,0.6689221398331436,0.9805220075322446,0.9805220075322446,0.184375,0.24583333333333332,1,0,0,0,1,1
unknown,0.08594643606876835,0.05650575308103392,0.2,0.1451842237907558,0.09433627416355977,0.2,0.3049895146136857,0.2514846802992927,0.7311623832441917,0.6721414720103414,1.0409989335562677,0.9799569774131177,0.18177083333333333,0.24236111111111114,0,0,0,0,0,1
unknown,0.09025561489347118,0.07816608611551175,0.23333333333333334,0.0,0.0,0.23333333333333334,0.10033882728860984,0.0791247575567449,0.46364006652822676,0.4409939378130257,0.6343138815768451,0.6224099905447745,0.12232142857142858,0.1630952380952381,0,0,0,0,0,1
unknown,0.06820049266296939,0.0,0.6333333333333333,0.24964355935053503,0.17714718444287114,0.3,0.0902702285842901,0.02915861844206833,0.002449408410136392,0.0,437.19383726435535,0.13039512815446425,0.22294921875,0.297265625,1,0,0,1,0,1
unknown,0.010669598323070992,0.006040737216144719,0.06666666666666667,0.33485639929460054,0.3317850876061346,0.0,0.13423327110708397,0.132428023295694,0.06404505974818953,0.06338920733739584,999.0,999.0,0.209375,0.2791666666666667,0,0,0,0,0,1
unknown,0.003539991771051541,0.0,0.43333333333333335,0.26112729780197796,0.17178390526149742,0.23333333333333334,0.06704353310406898,0.015393061584161259,0.008596736659254449,0.0,614.868205097244,0.18152751026376357,0.2463942307692308,0.3285256410256411,1,0,0,1,0,1
unknown,0.38324287343570396,0.17218194540297585,0.06666666666666667,0.4978132465227322,0.4362504172906949,0.0,0.29662110397325947,0.23753314867439257,0.02246356175729433,0.0,799.2020833732239,0.010416866119825076,0.215625,0.2875,1,0,0,0,1,1
unknown,0.029682544290665056,0.0,0.3,0.20394308273646297,0.11404200388921051,0.23333333333333334,0.1279153861914462,0.010827811300259003,0.2687955410291166,0.11912972938702841,666.1435640040488,0.3639495329450824,0.16319444444444445,0.2175925925925926,1,0,1,0,1,1
unknown,0.3659957296121979,0.0,0.13333333333333333,0.5388947219579525,0.43985137263394775,0.0,0.3388308441215134,0.23694738348290476,0.04734106079648599,0.0,999.0,999.0,0.19375000000000003,0.25833333333333336,0,0,1,1,0,1
unknown,0.0,0.0,0.03333333333333333,0.2140326015173338,0.2140326015173338,0.03333333333333333,0.13113703298978868,0.13113703298978868,0.26704732010532567,0.26704732010532567,0.49119458877031014,0.49119458877031014,0.1375,0.18333333333333332,1,0,1,0,1,1
unknown,0.06646473502714172,0.0,0.23333333333333334,0.3291703087585747,0.22673275326424572,0.13333333333333333,0.26680556282587403,0.13262439271171414,0.36827509689438614,0.29458701749963473,856.3647217330074,0.5530521310520371,0.1174107142857143,0.15654761904761902,0,0,1,0,1,1
unknown,0.39976466090523616,0.0,0.06666666666666667,0.5092276310140241,0.39568294083691624,0.0,0.3075172715844342,0.19298277446821682,0.06585675878078297,0.0,832.52831555057,0.16989330342051442,0.2015625,0.26875,0,0,1,1,0,1
unknown,0.0,0.0,0.1,0.3876312878102453,0.38636452143661504,0.0,0.2109050341851543,0.2085776565717512,0.0,0.0,999.0,999.0,0.203125,0.2708333333333333,1,0,1,1,0,1
unknown,0.0,0.0,0.06666666666666667,0.1773424511422584,0.16219529184686035,0.06666666666666667,0.0575064772587968,0.043475690475804074,0.19019236645429455,0.17471424351835646,499.7208579077308,0.44171581546168226,0.15625,0.20833333333333334,1,0,1,1,1,1
unknown,0.0,0.0,0.03333333333333333,0.2154818470891539,0.2154818470891539,0.03333333333333333,0.0975864548958563,0.0975864548958563,0.27846917382657543,0.27846917382657543,999.0,999.0,0.134375,0.17916666666666667,1,0,0,0,1,1
unknown,0.0,0.0,0.1,0.24485850550017338,0.24273731662874395,0.1,0.12733470888026832,0.11597979557691657,0.3127041159207005,0.3108322748878618,999.0,999.0,0.121875,0.1625,0,0,0,0,1,1
unknown,0.17684316839133807,0.07760002348195588,0.1,0.4197505654284032,0.4028226434086611,0.0,0.3764833332667776,0.31301275500324804,0.3224092881339648,0.27640467651907846,999.0,999.0,0.128125,0.1708333333333333,0,0,1,0,1,1
unknown,0.0,0.0,0.03333333333333333,0.34424227120343664,0.34424227120343664,0.0,0.23219952273182815,0.23219952273182815,0.22484674870389781,0.22484674870389781,999.0,999.0,0.128125,0.17083333333333334,1,0,1,0,1,1
unknown,0.6354343170763507,0.6354343170763507,0.0,0.6060090586602199,0.6060090586602199,0.0,0.4130144735014685,0.4130144735014685,0.11017109192669328,0.11017109192669328,999.0,999.0,0.20625,0.275,0,0,1,1,0,1
unknown,0.0,0.0,0.6,0.39269904194882954,0.3758941017195785,0.0,0.25901517687222914,0.24205336204628977,0.0,0.0,277.5893655702028,0.09557205643508357,0.17395833333333333,0.23194444444444443,0,0,0,1,1,1
unknown,0.0,0.0,0.1,0.41503925062186653,0.40348664036523757,0.0,0.26846252136303245,0.26206749625229,0.0,0.0,0.0,0.0,0.2760416666666667,0.3680555555555556,1,0,0,0,1,1
unknown,0.0,0.0,0.03333333333333333,0.49593443917266605,0.49593443917266605,0.0,0.32246333717763837,0.32246333717763837,0.0,0.0,999.0,999.0,0.271875,0.3625,1,0,0,0,0,1
unknown,0.0,0.0,0.3333333333333333,0.3095864347260363,0.021583265539444674,0.1,0.18344495322153087,0.0,0.008809337563238546,0.0,699.3386112779398,0.0,0.26937500000000003,0.3591666666666666,1,0,0,0,1,1
unknown,0.0,0.0,0.5333333333333333,0.38959656595377257,0.2601500510146881,0.03333333333333333,0.23984687256681436,0.09516403099164945,0.0,0.0,499.60938550801467,0.17394742339879143,0.18222656250000002,0.24296874999999998,0,0,1,1,0,1
unknown,0.14146282284287168,0.09912877442232895,0.16666666666666666,0.5080233466477285,0.4762368131451285,0.0,0.4794386531485909,0.4565959478807492,0.4215511429443192,0.40930236286931654,399.8296573071393,0.37782816738240566,0.15,0.2,1,0,1,1,0,1
unknown,0.15278831317807287,0.14022925509828787,0.16666666666666666,0.568501144661076,0.562680256975108,0.0,0.4979873632129193,0.4942944189534781,0.40884974694837106,0.40428781026358046,0.3715608341417857,0.36731265978891037,0.15,0.2,0,0,1,1,0,1
unknown,0.10568004951232025,0.016277238140770606,0.36666666666666664,0.47289017143572837,0.4282854624852704,0.0,0.4519105095609976,0.43692795536973855,0.36974520841930847,0.3467019341572641,0.3616646071173427,0.32349455946927,0.184375,0.2458333333333333,1,0,1,1,0,1
unknown,0.2751849131442766,0.21041786106064667,0.3333333333333333,0.543475060323846,0.48293835149811837,0.0,0.5620241898135494,0.5235469146506404,0.5495720156059647,0.5226191461596194,62.959704958551455,0.5358267263289721,0.1861328125,0.24817708333333333,1,0,1,1,0,1
unknown,0.6297396240569203,0.5884554282081527,0.0,0.7312843147651193,0.7138018233672973,0.0,0.547957339276102,0.531840089333908,0.5326231059128693,0.4972900964026584,999.0,999.0,0.1435546875,0.19140625,0,0,1,1,0,1
unknown,0.13704056913234988,0.12189243359848584,0.13333333333333333,0.0,0.0,0.13333333333333333,0.08010994769347615,0.02306513583102335,0.5425990025347949,0.4736854159455998,749.4466910270581,0.7867641082325791,0.1484375,0.19791666666666669,0,0,0,0,0,1
unknown,0.40853987628679606,0.08577009180579515,0.06666666666666667,0.6152550980755512,0.45676483110913296,0.0,0.44866764062551817,0.3328785171396946,0.3936744455871525,0.22658854742251655,599.4856373226273,0.20741379647776462,0.1475,0.19666666666666666,0,0,1,1,0,1
unknown,0.20540503219887793,0.056038645350120354,0.2,0.24110139553490048,0.0,0.2,0.20797698738110956,0.0,0.41921140192996714,0.23971147391145867,499.9343723077133,0.7427058960343528,0.14718750000000003,0.19624999999999998,0,0,0,0,0,1
unknown,0.0,0.0,0.06666666666666667,0.46100234591707906,0.4573690643871117,0.0,0.31548001420938276,0.31353798532519156,0.07198031026304176,0.06842884399741368,0.09462358374875032,0.07625358861290951,0.153125,0.20416666666666666,0,0,1,1,0,1
unknown,0.0,0.0,0.03333333333333333,0.46240541055152745,0.46240541055152745,0.0,0.3131890894033491,0.3131890894033491,0.07831692282352615,0.07831692282352615,999.0,999.0,0.153125,0.20416666666666666,0,0,1,0,0,1
unknown,0.2635175433767812,0.0,0.2,0.5875990843037041,0.46157878968784266,0.0,0.39080929906372136,0.3173464678247451,0.16022336386700659,0.07417478605774759,307.47500683621723,0.08855748356097992,0.14927884615384618,0.19903846153846153,0,0,1,1,0,1
unknown,0.16378536697870724,0.13067509875945557,0.23333333333333334,0.0,0.0,0.23333333333333334,0.07413802472790872,0.0,0.5164885274693349,0.3701134269061043,856.4142768557047,0.8999379899324713,0.15,0.19999999999999998,0,0,0,0,0,1
unknown,0.0,0.0,0.36666666666666664,0.44191066991667366,0.3591353102830847,0.0,0.29701588379167104,0.21850519905455337,0.009487486725078141,0.0,90.89713759459943,0.008530036272853168,0.17130681818181823,0.22840909090909092,0,0,1,1,0,1
unknown,0.0010931684885388507,0.0,0.5666666666666667,0.42020479351980955,0.3744037190354569,0.0,0.2828908630182788,0.2486044121589423,0.0,0.0,0.03289474945895582,0.0,0.20845588235294119,0.27794117647058825,0,0,0,1,1,1
unknown,0.030368067836828105,0.0,0.43333333333333335,0.33363173141231695,0.27000251523479873,0.03333333333333333,0.19098109973550187,0.10969950504992652,0.0009731871506799561,0.0,230.58689715262213,0.0,0.23557692307692302,0.31410256410256415,1,0,0,0,1,1
unknown,0.0519562096828695,0.03761714936277533,0.23333333333333334,0.02124311003100014,0.01712617110773557,0.23333333333333334,0.0379595427740894,0.031567346342243854,0.33623180121688645,0.32467252896105486,0.4792351744357109,0.47480662814453795,0.12276785714285714,0.1636904761904762,0,0,0,0,0,1
unknown,0.05996404534410363,0.05742531284857948,0.1,0.3165790640687433,0.31582602823053957,0.0,0.23183638071463397,0.23034911142653874,0.22238941887541722,0.2204486595414003,0.22244323441691324,0.21828624475793756,0.12083333333333333,0.1611111111111111,1,0,1,1,0,1
unknown,0.10444864343987534,0.0,0.5666666666666667,0.3510104600807347,0.21371346537151112,0.16666666666666666,0.20683444748828464,0.11501825149518129,0.12729631298487232,0.0,59.005622987081914,0.16815483510018261,0.21011029411764706,0.2801470588235294,1,0,0,1,0,1
unknown,0.0,0.0,0.03333333333333333,0.2410371015234035,0.2410371015234035,0.03333333333333333,0.11451703968173639,0.11451703968173639,0.0,0.0,0.2062417472975176,0.2062417472975176,0.21875,0.2916666666666667,1,0,1,1,0,1
unknown,0.0,0.0,0.26666666666666666,0.2725196574096905,0.24636530478534255,0.1,0.158574064321297,0.1397126882754676,0.0,0.0,125.01931741319487,0.13576450270846302,0.21054687500000002,0.2807291666666667,1,0,0,1,0,1
unknown,0.07474155930822211,0.07474155930822211,0.03333333333333333,0.23235511209263468,0.23235511209263468,0.03333333333333333,0.08472155680621489,0.08472155680621489,0.0,0.0,0.19810203774157828,0.19810203774157828,0.21875,0.2916666666666667,1,0,1,1,0,1
unknown,0.07999970801072574,0.07999970801072574,0.03333333333333333,0.2629873422649608,0.2629873422649608,0.03333333333333333,0.14277039423418514,0.14277039423418514,0.0,0.0,0.17220208667353265,0.17220208667353265,0.209375,0.2791666666666667,1,0,0,1,0,1
unknown,0.1522636160190673,0.1522636160190673,0.03333333333333333,0.2867838516127013,0.2867838516127013,0.0,0.14022423561363412,0.14022423561363412,0.0,0.0,0.21295241858961786,0.21295241858961786,0.20625,0.275,0,0,0,0,0,1
unknown,0.027486079528645024,0.0,0.16666666666666666,0.26552715175302083,0.24639845362253973,0.1,0.1407052023184172,0.12748462674856753,0.0,0.0,199.99420598781776,0.21032790457446685,0.21125,0.2816666666666666,1,0,0,1,0,1
unknown,0.15865457422990853,0.15286790309458387,0.13333333333333333,0.41635773787235975,0.3958081044894472,0.0,0.39748267325029163,0.39033249139967346,0.436493424597962,0.43281892956356144,0.4561669830645657,0.44938345587647555,0.234375,0.3125,1,0,0,0,1,1
unknown,0.07973194087708599,0.0,0.3,0.22392987560149935,0.13132487996993092,0.2,0.31590098786393267,0.2656664410389837,0.4587128623675069,0.4246980176277914,0.520296288943563,0.44186815144522607,0.1982638888888889,0.26435185185185184,1,0,1,0,1,1
unknown,0.11744113698692309,0.011415384804040743,0.2,0.40584376572245046,0.39468870927719985,0.0,0.4328081994106552,0.41012605502503796,0.3869701195538311,0.38188072928783223,0.3758572866085473,0.369268473658414,0.196875,0.2625,1,0,1,1,0,1
unknown,0.0551493217508254,0.0,0.13333333333333333,0.13911588485343307,0.11210878218450021,0.13333333333333333,0.2248345436859555,0.2084998998554444,0.36066204697011506,0.3335141767945772,0.45739700814364387,0.4515501423001829,0.14375,0.19166666666666668,0,0,1,0,1,1
unknown,0.12987885747828282,0.04880596473800037,0.16666666666666666,0.457520761170464,0.4170843582388051,0.0,0.4877938413500244,0.43200557650642873,0.4581360247721604,0.44408221273942156,0.4618998043345058,0.45487846398655407,0.15,0.2,1,0,1,1,0,1
unknown,0.028268633605464416,0.0,0.16666666666666666,0.1672111158859333,0.1323775275503445,0.16666666666666666,0.22439306709225643,0.21203532689965573,0.3569530808604151,0.32180854309924967,0.4670510463101224,0.4584876109149747,0.128125,0.17083333333333334,0,0,1,0,0,1
unknown,0.03234261748575116,0.03234261748575116,0.03333333333333333,0.27163496587349417,0.27163496587349417,0.03333333333333333,0.2829936970322952,0.2829936970322952,0.3171874066209776,0.3171874066209776,0.471164634576049,0.471164634576049,0.128125,0.17083333333333334,1,0,1,0,0,1
unknown,0.2220606076147024,0.2220606076147024,0.03333333333333333,0.4856769638574384,0.4856769638574384,0.0,0.5220844199517238,0.5220844199517238,0.470380842988663,0.470380842988663,0.4880856885529593,0.4880856885529593,0.153125,0.20416666666666666,1,0,1,1,0,1
unknown,0.0,0.0,0.16666666666666666,0.4147729961852774,0.3832048506324394,0.0,0.36622804221280736,0.355597840621181,0.0019309659295821727,0.0,0.006152215501066355,0.0,0.175,0.23333333333333334,0,0,0,1,1,1
unknown,0.03210399686748011,0.0,0.36666666666666664,0.2990117469585151,0.11705304159317537,0.13333333333333333,0.1627004787866425,0.0,0.025716640813715164,0.0,0.1388013835469587,0.0,0.2505681818181818,0.33409090909090905,1,0,0,0,1,1
unknown,0.0,0.0,0.03333333333333333,0.3446905678017908,0.3446905678017908,0.0,0.2219400978406654,0.2219400978406654,0.0,0.0,0.17003382878495635,0.17003382878495635,0.184375,0.24583333333333332,0,0,1,1,0,1
unknown,0.0828126667812292,0.0828126667812292,0.03333333333333333,0.3993051693272134,0.3993051693272134,0.0,0.31997115974108387,0.31997115974108387,0.13388608496654344,0.13388608496654344,0.1496422337957452,0.1496422337957452,0.171875,0.22916666666666666,0,0,1,1,0,1
unknown,0.06128155764673108,0.028772010745734263,0.1,0.40109763001044807,0.3949687025836325,0.0,0.32916390728243816,0.3270583261235251,0.09406586829022229,0.09225295046811761,0.15576719899344016,0.15326952349554718,0.171875,0.22916666666666666,1,0,1,1,0,1
unknown,0.024517952237223826,0.000845135631423673,0.13333333333333333,0.4214861474980676,0.409185595429825,0.0,0.29559131729010857,0.2901901546807176,0.09105841437971342,0.08573622714163144,0.1633740235121698,0.15997562416820754,0.13125,0.175,0,0,1,1,0,1
unknown,0.02890977251614034,0.018808397560362598,0.13333333333333333,0.4357134721979422,0.43383486620627837,0.0,0.3021103447421695,0.2923737453409838,0.08861809899138341,0.08415260506922692,0.16435631836563908,0.14916563392585264,0.13125,0.175,1,0,1,1,0,1
unknown,0.07793291214235708,0.03199306823057375,0.13333333333333333,0.3792355114946923,0.36774421201758123,0.0,0.3261980476785906,0.3142429742619276,0.05000215592376253,0.03378153262596235,0.14688528148813382,0.13372439974967126,0.134375,0.17916666666666667,0,0,1,1,0,1
unknown,0.058347592150305404,0.03797874822358475,0.16666666666666666,0.41579093368606823,0.395279093793385,0.0,0.3147642395332452,0.31006686293429075,0.03571422896190278,0.03165747970425666,0.1635185311062553,0.15570152996377698,0.134375,0.17916666666666667,1,0,1,1,0,1
unknown,0.3954948811865096,0.21762861125251076,0.2,0.6330360379086808,0.5152652967406196,0.0,0.4487132232084579,0.3554463897273813,0.31110427545683333,0.2716485440778839,0.31978373723935455,0.289944764113248,0.14375000000000002,0.19166666666666668,0,0,1,1,0,1
unknown,0.11099759268162526,0.08286670336742193,0.13333333333333333,0.01180359122492959,0.0,0.13333333333333333,0.18250237465844568,0.10916580583790968,0.6444093863750843,0.5562791684066064,0.9679987243122102,0.8945254291221196,0.128125,0.1708333333333333,0,0,0,0,0,1
unknown,0.19386321345383606,0.030835998912184824,0.5333333333333333,0.49949008882319235,0.39249959943506174,0.0,0.3495657042360185,0.29529838168152495,0.10500235484391618,0.002711031821187533,43.6701698868713,0.12708293988195465,0.14402173913043473,0.1920289855072464,0,0,1,1,0,1
unknown,0.15971347913691755,0.1311428306008081,0.2,0.016818169586127495,0.0,0.2,0.14799797363118747,0.0,0.6161995191154914,0.46048488911465835,167.2909787630807,0.7693194617172104,0.13177083333333334,0.17569444444444446,0,0,0,0,0,1
unknown,0.1752855967327401,0.0,0.7,0.5575743549884531,0.42105903344945594,0.0,0.37415156952854595,0.27286483749868534,0.1083760165775544,0.0,0.20236297732253977,0.18115454796056032,0.1401785714285714,0.1869047619047619,0,0,1,1,0,1
unknown,0.06772197644784747,0.0395470881508318,0.16666666666666666,0.0,0.0,0.16666666666666666,0.10159809030553832,0.01571269669523575,0.552828751584061,0.4559660981656055,0.877503797889282,0.7989415513984591,0.135,0.18,0,0,0,0,0,1
unknown,0.10068986755705178,0.0,0.36666666666666664,0.5195697229685982,0.3367044318350671,0.0,0.359488172116169,0.26234419025370725,0.13599820613977173,0.0,0.17088644448978965,0.06785112528279715,0.15,0.2,0,0,1,1,0,1
unknown,0.0,0.0,0.03333333333333333,0.4242649914684433,0.4242649914684433,0.0,0.29147180593790145,0.29147180593790145,0.0,0.0,0.07013513272559398,0.07013513272559398,0.1875,0.25,0,0,1,1,0,0
unknown,0.22593417121446813,0.0,0.2,0.5209519752200575,0.3653732999162208,0.0,0.34644170350074965,0.250934168248976,0.11620523025557235,0.0,124.97312899830914,0.05489711368030935,0.22109374999999998,0.2947916666666667,1,0,0,0,1,1
unknown,0.0,0.0,0.03333333333333333,0.3510845366320135,0.3510845366320135,0.0,0.3038526938027895,0.3038526938027895,0.0,0.0,0.02964331308777708,0.02964331308777708,0.1875,0.25,0,0,0,1,0,1
unknown,0.0,0.0,0.16666666666666666,0.35192863845887046,0.3229356580726925,0.0,0.28323248932702144,0.26176102261379613,0.0,0.0,0.04126173834997886,0.0,0.195,0.25999999999999995,0,0,0,0,0,1
unknown,0.11325023711827283,0.10379204223728664,0.2,0.0,0.0,0.2,0.07332651766453811,0.05822900867156286,0.3872763674575732,0.3654671645796117,0.6101866259742461,0.5798452437698243,0.12760416666666666,0.17013888888888887,0,0,0,0,0,1
unknown,0.0,0.0,0.06666666666666667,0.0953891567474039,0.08356426325772075,0.06666666666666667,0.0,0.0,0.08769149749634035,0.08393734888226981,0.32125321542460505,0.3184209394589967,0.1234375,0.16458333333333333,1,0,1,1,0,1
unknown,0.11532955376477365,0.11219085493445928,0.16666666666666666,0.0,0.0,0.16666666666666666,0.09591515819299275,0.08239789938932676,0.39013428479933987,0.37811148948376294,0.6171321932403664,0.604610161609375,0.123125,0.16416666666666666,0,0,0,0,0,1
unknown,0.0,0.0,0.1,0.1371627039393646,0.12383819670379065,0.1,0.024098894014559284,0.019580766829570894,0.10741281851310529,0.10434522616725118,0.32565458865589897,0.3218233973413255,0.11979166666666667,0.1597222222222222,1,0,1,1,0,1
unknown,0.11360330958060554,0.10436222763533778,0.2,0.0,0.0,0.2,0.08524645352369364,0.07496300227293208,0.3604773233941716,0.35177441860783115,0.573095370914991,0.5681869611799221,0.13333333333333333,0.17777777777777778,0,0,0,0,0,1
unknown,0.0,0.0,0.13333333333333333,0.1536858713686266,0.13139405060116718,0.13333333333333333,0.04898433234312956,0.03274779755932539,0.11274523529767898,0.10762911116348292,0.31123489502481344,0.29721139312737577,0.11875,0.15833333333333333,1,0,1,1,0,1
unknown,0.12266147285806579,0.11501668183888392,0.2,0.0,0.0,0.2,0.07898537202273279,0.06576776489718696,0.35601068718145973,0.34183308697923276,0.5854138204731055,0.5774843268178689,0.13177083333333334,0.17569444444444446,0,0,0,0,0,1
unknown,0.0,0.0,0.23333333333333334,0.17919004383187856,0.1543504474690355,0.23333333333333334,0.08205134382001998,0.05839207186009923,0.12557625251611726,0.11605112138064776,0.30719911301685504,0.29938160432699457,0.11875000000000001,0.15833333333333335,1,0,1,1,0,1
unknown,0.10577668598904995,0.10284525189150323,0.16666666666666666,0.0,0.0,0.16666666666666666,0.08661470498024759,0.07223783618437893,0.354440555853938,0.3398286184607291,0.5699499593613668,0.5478230502813508,0.134375,0.17916666666666667,0,0,0,0,0,1
unknown,0.0,0.0,0.16666666666666666,0.15507675311565974,0.1396606418511028,0.16666666666666666,0.05478021011881355,0.039603282323279726,0.10248297955636745,0.10074308163243818,0.2841865112394638,0.2791894031360933,0.12062500000000001,0.16083333333333333,1,0,1,1,0,1
unknown,0.10872101783798671,0.10595844620661382,0.1,0.0,0.0,0.1,0.08066587495249823,0.0777381009085556,0.3548892288593109,0.35067563490705356,0.5763226800695332,0.5681144593953813,0.134375,0.17916666666666667,0,0,0,0,0,1
unknown,0.0,0.0,0.03333333333333333,0.15965613932578668,0.15965613932578668,0.03333333333333333,0.045138883307238,0.045138883307238,0.11394833464738251,0.11394833464738251,0.29742642803635555,0.29742642803635555,0.11875,0.15833333333333333,1,0,1,1,0,1
unknown,0.028684261772727777,0.0,0.9,0.2613940230097447,0.1831876130874491,0.43333333333333335,0.1668732305563002,0.12745248959580927,0.0,0.0,74.1199272981493,0.07437214790106994,0.219212962962963,0.2922839506172839,1,0,0,1,0,1
unknown,0.0,0.0,0.03333333333333333,0.33221463050380334,0.33221463050380334,0.0,0.27661880365996083,0.27661880365996083,0.0,0.0,0.16524456499477558,0.16524456499477558,0.171875,0.22916666666666666,0,0,1,1,0,1
unknown,0.3988553649177061,0.3911886041450571,0.0,0.5436894536060124,0.5399025410963783,0.0,0.41775051545604314,0.4169189735286733,0.4060014569165759,0.4056525621159576,0.43813264562006593,0.43312905794668743,0.21875,0.2916666666666667,1,0,0,1,0,1
unknown,0.0,0.0,0.06666666666666667,0.36737125461603815,0.3650640723292636,0.0,0.3216552817532382,0.31885691624991724,0.0,0.0,0.06937336712894115,0.054925250308506965,0.16875,0.225,0,0,1,1,0,1
unknown,0.36641886315375777,0.0,0.3,0.4556302236117672,0.12494554900975642,0.36666666666666664,0.32708034056311125,0.08934239797787097,0.2460736402969315,0.0,0.3361023288761299,0.12426300777188008,0.21528716216216215,0.28704954954954953,1,0,0,1,0,1
unknown,0.23000425483034145,0.10278280760942389,0.23333333333333334,0.4519849898576668,0.39402981860556585,0.0,0.46638984565640956,0.4302143954495376,0.43897341316624094,0.38685928519052915,0.4225558632052458,0.3783360857176796,0.24687500000000004,0.32916666666666666,1,0,0,0,1,1
unknown,0.1482965042244793,0.13957552943511653,0.13333333333333333,0.21011380497853174,0.18552946691160024,0.13333333333333333,0.27044942088997914,0.25683833263476025,0.35715088269223283,0.34136795934210074,0.4120569531422927,0.3999943737681087,0.1671875,0.22291666666666668,1,0,1,0,1,1
unknown,0.41096634332546217,0.41096634332546217,0.0,0.3931761719648244,0.3931761719648244,0.0,0.5201357380538407,0.5201357380538407,0.5652081124934595,0.5652081124934595,0.5254252494869286,0.5254252494869286,0.246875,0.32916666666666666,1,0,0,0,1,1
unknown,0.3503281169523801,0.2776042809910462,0.03333333333333333,0.5505900248863039,0.5500022747033871,0.0,0.5654183135431934,0.5449403432794091,0.5223225536249108,0.4977960101521035,0.5125113464124113,0.495880432795719,0.2078125,0.27708333333333335,0,0,1,1,0,1
unknown,0.16046409565492734,0.13617194549619852,0.2,0.5424003641491951,0.5231308266517605,0.0,0.49482410132484733,0.4821228125460133,0.4628227371351354,0.45428405613140116,0.4807804105392895,0.477731477483433,0.2109375,0.28125,1,0,1,1,0,1
unknown,0.11044116874643006,0.0,0.16666666666666666,0.2880246519445026,0.28252222220860174,0.0,0.2853028010759543,0.25324056680058177,0.32914376498037584,0.3208163283935647,0.4287274078500521,0.41744406196986017,0.1425,0.19,1,0,1,0,1,1
unknown,0.4315375491554661,0.42813755512491064,0.0,0.5326067156997782,0.5229036737790368,0.0,0.576274361717322,0.5687049378835157,0.5817936617214543,0.5786272040983713,0.5303148987499395,0.5293518986535962,0.20468750000000002,0.2729166666666667,0,0,1,1,0,1
unknown,0.18234675363076938,0.09516545777052844,0.26666666666666666,0.4643085345340835,0.4299693618834051,0.0,0.4195706643669541,0.3893579766788279,0.40463813608384525,0.38044415326685216,0.41901788752095287,0.4015512285339704,0.22569444444444445,0.30092592592592593,1,0,1,1,0,1
unknown,0.09880223950168539,0.0,0.16666666666666666,0.29357893404121904,0.2855922112121565,0.0,0.2854852542228804,0.2411925327219035,0.3269938219514611,0.3198230480283099,0.40393671960108257,0.39512547819810523,0.153125,0.20416666666666666,1,0,1,0,1,1
unknown,0.37018741857848064,0.3687060585757688,0.0,0.41483419984802805,0.4105923610865034,0.0,0.4580414601310627,0.45569311585758504,0.4826448973469275,0.4802733732275096,0.46206733198003286,0.4580782517413843,0.22916666666666666,0.3055555555555556,1,0,1,1,0,1
unknown,0.0,0.0,0.2,0.3512651271145686,0.30051640591247414,0.0,0.281080491895695,0.2494334114475508,0.0,0.0,0.01871039334094368,0.0,0.20885416666666665,0.2784722222222222,1,0,0,0,1,1
unknown,0.10072519032459819,0.0,0.26666666666666666,0.38196206154314716,0.2902285333692969,0.0,0.2868274810232686,0.2525061369335224,0.029269450577591696,0.0,0.08976285693999399,0.06442083834021786,0.17578125,0.234375,0,0,0,1,1,1
unknown,0.0,0.0,0.13333333333333333,0.328947486753339,0.3122269404900612,0.0,0.25787958627006513,0.21632656534630226,0.0,0.0,749.2728507987364,0.09140319494545603,0.19296875,0.25729166666666664,0,0,1,1,0,1
unknown,0.0,0.0,0.06666666666666667,0.369909968282095,0.35835408432420085,0.0,0.2752516267952516,0.27503536451905497,0.0,0.0,999.0,999.0,0.19375,0.25833333333333336,0,0,1,1,0,1
unknown,0.08052577033994066,0.06237571398983085,0.13333333333333333,0.26844934573974005,0.26532494911223964,0.13333333333333333,0.2804321993426533,0.27482813443776344,0.3416562873460282,0.3381360235839576,0.562106542328062,0.5330137725583869,0.1125,0.15,0,0,1,0,1,1
unknown,0.09086807218977047,0.058353547863204,0.23333333333333334,0.3871551900558394,0.3763810358552346,0.0,0.3877602887012373,0.36851613243992287,0.4309033048062685,0.4270516005363714,0.6518920773530932,0.5598638452367547,0.11562499999999999,0.15416666666666665,1,0,0,0,1,1
unknown,0.14516784086481824,0.1442488161891882,0.1,0.32100923209799065,0.3195662202983962,0.0,0.3709975009493864,0.3683717304468954,0.4281414928687685,0.42386225974250474,0.6286348650296493,0.5909992612842235,0.1625,0.21666666666666667,0,0,1,1,1,1
unknown,0.12909689139379715,0.05772425907569717,0.36666666666666664,0.412574497939198,0.29646007474996794,0.0,0.44668228464073717,0.3286770601472977,0.5263916293525726,0.4496720277552479,635.9648705280127,0.6003713838348064,0.17528409090909094,0.23371212121212118,1,0,1,1,1,1
unknown,0.009001075956605908,0.009001075956605908,0.03333333333333333,0.2921471656294241,0.2921471656294241,0.0,0.25442033570075523,0.25442033570075523,0.18704156649571715,0.18704156649571715,0.3256932357047807,0.3256932357047807,0.121875,0.1625,1,0,1,0,1,1
unknown,0.0674548203016514,0.05429486178237624,0.13333333333333333,0.32076954037768846,0.3051355359459297,0.0,0.2859486204295397,0.26906041245276524,0.20558025022850168,0.19703381268582792,499.7158479783592,0.42733584470349534,0.121875,0.1625,0,0,1,0,1,1
unknown,0.0,0.0,0.16666666666666666,0.1677052650070457,0.16298917114788292,0.16666666666666666,0.24206779335965928,0.23877966771365483,0.29161865089151934,0.28333676250182604,0.5226668416646276,0.48693229601795923,0.125,0.16666666666666666,0,0,1,0,0,1
unknown,0.10497968050722202,0.08791823506411259,0.06666666666666667,0.16870700933509888,0.16459654470305504,0.06666666666666667,0.21377280699768808,0.20864896403477323,0.2499003166235753,0.24404676751965512,0.4653695782996531,0.460042058308905,0.125,0.16666666666666666,0,0,1,0,1,1
unknown,0.08015455253661437,0.08015455253661437,0.03333333333333333,0.16477170562299442,0.16477170562299442,0.03333333333333333,0.2149096172235024,0.2149096172235024,0.2573794733938703,0.2573794733938703,0.46699586580976177,0.46699586580976177,0.125,0.16666666666666666,1,0,1,0,1,1
unknown,0.01199618123962006,0.0,0.23333333333333334,0.1524046424262929,0.14700503622603525,0.23333333333333334,0.1975157661671241,0.18935951187799238,0.2642115420012479,0.25827821009522617,0.4958932843552482,0.4689124840360781,0.125,0.16666666666666666,1,0,0,0,1,1
unknown,0.45741280994730893,0.41367962163432637,0.0,0.7319902486262094,0.6583320632637742,0.0,0.5228042538191083,0.470337395805684,0.3802928940273289,0.3511436764386071,200.11566937528144,0.35883917626268363,0.134375,0.17916666666666667,0,0,1,1,0,1
unknown,0.031575047484735955,0.021187004605272074,0.16666666666666666,0.013836837120882736,0.0,0.16666666666666666,0.18476166142041012,0.11450069523759887,0.6753783314583308,0.58832100118874,0.996269695814074,0.904592370455657,0.131875,0.17583333333333334,0,0,0,0,0,1
unknown,0.043852325671287516,0.031482066301435595,0.06666666666666667,0.033882016231250464,0.013582555632830985,0.06666666666666667,0.16348775508032357,0.10710394291947468,0.644431893477514,0.56974635855498,0.9870459814818477,0.9119286874008531,0.1296875,0.17291666666666666,0,0,0,0,0,1
unknown,0.5078249161992147,0.07690887428667868,0.13333333333333333,0.7610425208990972,0.5787951118303515,0.0,0.5791077037611071,0.4561111296392078,0.3911888283973274,0.29399535145503636,210.61658443793195,0.3200548674639385,0.1317434210526316,0.17565789473684207,0,0,1,1,0,1
unknown,0.051181783256765756,0.04458529090271087,0.4,0.0021964111279172633,0.0,0.4,0.18103876043412648,0.10355336601129778,0.6810652036519058,0.576170212704582,915.828628901395,0.9435468167391162,0.12838541666666667,0.17118055555555556,0,0,0,0,0,1
unknown,0.2522572412328309,0.13178266901451963,0.13333333333333333,0.6832194603450241,0.6312162064731515,0.0,0.5055216200477612,0.46786180581740683,0.38534325294356914,0.36866789344781764,0.3814593952519832,0.3718554841028186,0.13187500000000002,0.17583333333333334,0,0,1,1,0,1
unknown,0.0762409128240922,0.0,0.23333333333333334,0.028140728555841203,0.0,0.23333333333333334,0.19799613035221822,0.1516875559313382,0.5462145569166992,0.4857953278757698,571.1358373026875,0.6006682779715646,0.1727678571428571,0.2303571428571429,1,0,0,1,0,1
unknown,0.08372895565963756,0.0,1.6333333333333333,0.23752181213417217,0.0,0.9,0.17398128974423058,0.007834790364786227,0.14583808017773395,0.0,20.6328417402564,0.007599041421962398,0.18437499999999998,0.24583333333333332,1,0,0,1,1,1
unknown,0.0,0.0,0.06666666666666667,0.13890918568687413,0.04342637514300587,0.06666666666666667,0.028932744490141254,0.0,0.014016191449003233,0.0,0.33348231697887665,0.2839103925317603,0.2,0.26666666666666666,0,0,0,0,1,1
unknown,0.37372468273770665,0.0,0.13333333333333333,0.5677579615261527,0.3751554100170672,0.0,0.35610425495958636,0.1785006367719527,0.2180565237369164,0.11145326341478912,0.2843255403128117,0.13397799651200842,0.2185416666666667,0.29138888888888886,0,0,1,1,1,1
unknown,0.35838193197381346,0.15820998234816755,0.1,0.591082252961802,0.38077141113455654,0.0,0.5478456574294611,0.3712879068777466,0.5211256938443479,0.3815826560556849,946.4598049054962,0.7362932044273262,0.1879934210526316,0.25065789473684214,1,0,0,1,0,1
unknown,0.13843031549847723,0.13843031549847723,0.03333333333333333,0.43153281521371234,0.43153281521371234,0.0,0.4815980322135329,0.4815980322135329,0.8228289048182095,0.8228289048182095,999.0,999.0,0.196875,0.2625,0,0,0,0,0,1
unknown,0.29176909056017714,0.1419627816679935,0.16666666666666666,0.5135330329806427,0.49361530392303615,0.0,0.5622897044047049,0.5368897163158224,0.893745066438869,0.8676258881331321,999.0,999.0,0.16830357142857144,0.22440476190476186,1,0,0,1,0,1
unknown,0.1391584472789344,0.13276967129590753,0.06666666666666667,0.5484339533818327,0.5231972730775667,0.0,0.5097177376128179,0.5083856480731003,0.6436844495879588,0.5234550078286535,999.0,999.0,0.1828125,0.24375,0,0,0,0,0,1
unknown,0.0,0.0,0.06666666666666667,0.22538741659339218,0.22087661396445815,0.06666666666666667,0.24688243399984905,0.24495169841713238,0.687514295170915,0.6857560255507433,999.0,999.0,0.1375,0.18333333333333332,0,0,0,0,0,1
unknown,0.24941517342891914,0.20551572765786308,0.2,0.42781723551601597,0.3988057619959177,0.0,0.3930171436663626,0.33929444815155274,0.3731577282936567,0.3524563814623843,999.0,999.0,0.16874999999999998,0.225,1,0,0,1,0,1
unknown,0.09191610970381636,0.09191610970381636,0.03333333333333333,0.44370361223209576,0.44370361223209576,0.0,0.45041032186421087,0.45041032186421087,0.7662548357248915,0.7662548357248915,999.0,999.0,0.18125,0.24166666666666667,0,0,0,0,0,1
unknown,0.2940201370773544,0.11160043351544287,0.4666666666666667,0.4745371094830841,0.4176667521495829,0.0,0.4135381263388033,0.3166014024847856,0.4139697421267754,0.3744614682659404,999.0,999.0,0.1826388888888889,0.24351851851851852,1,0,0,1,0,1
unknown,0.16292865307897048,0.09907420216777714,0.26666666666666666,0.44231583984998324,0.3926770302199329,0.0,0.4686118996285662,0.4327595792104331,0.7869108812728859,0.754867847211963,999.0,999.0,0.16423611111111114,0.21898148148148147,0,0,0,0,0,1
unknown,0.2421912732114919,0.1519371899394284,0.4,0.5666438692143531,0.5182918360712306,0.0,0.4260149391051444,0.34132330245772535,0.34219596318319967,0.26456793445519455,0.3492994323726599,0.258138285674135,0.21875,0.29166666666666663,1,0,0,1,0,1
unknown,0.4368240387591582,0.17479175192114327,0.26666666666666666,0.5946600163710996,0.3830023145255655,0.0,0.6367105498111554,0.41288421557844174,0.7861341687626038,0.6096971280566665,1.0046322213862877,0.9139864844325422,0.16433823529411765,0.21911764705882353,0,0,0,0,0,1
unknown,0.5105248897825196,0.16412834095834336,0.13333333333333333,0.6162634052460766,0.3110788273460134,0.0,0.6902948452752471,0.3577041391416018,0.8303358051064587,0.3687197981083379,38.01660138896855,0.5551591184465208,0.1738425925925926,0.23179012345679015,1,0,0,1,0,1
unknown,0.13810665366097818,0.13810665366097818,0.03333333333333333,0.266549550130431,0.266549550130431,0.03333333333333333,0.32256538763752085,0.32256538763752085,0.4024119030319421,0.4024119030319421,0.7227818152680511,0.7227818152680511,0.171875,0.22916666666666666,1,0,0,0,0,1
unknown,0.1467903997382957,0.14015476363009924,0.06666666666666667,0.27016467570111347,0.2508974188997612,0.03333333333333333,0.3329138780590002,0.3029186021441242,0.5590551590550397,0.5458658581190758,0.861521071372084,0.8309803233803975,0.15000000000000002,0.2,0,0,0,0,0,1
unknown,0.1809052863150827,0.11975617925621193,0.3,0.4397150463335878,0.41569177415331104,0.0,0.508615593982122,0.452559929549374,0.522042780930108,0.4935900114984066,999.0,999.0,0.14513888888888887,0.19351851851851853,0,0,1,1,0,1
unknown,0.0029438984236240086,0.0,0.36666666666666664,0.2087795653167509,0.17332405246611682,0.36666666666666664,0.0314664935724098,0.0033872900312835012,0.013403136619232049,0.0,999.0,999.0,0.20397727272727273,0.27196969696969703,0,0,1,1,1,1
unknown,0.0,0.0,0.06666666666666667,0.20974781827048666,0.1980141541621042,0.06666666666666667,0.021164852359599876,0.01927931276993664,0.15511355055952702,0.15247071995299613,999.0,999.0,0.1421875,0.18958333333333333,0,0,1,1,0,1
unknown,0.0,0.0,0.6,0.1752943772271012,0.1462595781909793,0.6,0.015456381113278909,0.0,0.0,0.0,999.0,999.0,0.21215277777777775,0.2828703703703704,0,0,1,1,1,1
unknown,0.0147657280241373,0.0147657280241373,0.03333333333333333,0.062257115412100175,0.062257115412100175,0.03333333333333333,0.0,0.0,0.2514052902335578,0.2514052902335578,999.0,999.0,0.15,0.2,0,0,1,1,0,1
unknown,0.0,0.0,1.2,0.17787579681655408,0.15009440714613903,1.2,0.012648633596157921,0.0,0.0030935777513275546,0.0,999.0,999.0,0.2171006944444444,0.2894675925925925,0,0,1,1,1,1
unknown,0.0,0.0,0.3,0.20201071981963858,0.192399353640722,0.3,0.04901116949214331,0.037942560968915344,0.0,0.0,999.0,999.0,0.2107638888888889,0.28101851851851856,0,0,1,1,0,1
unknown,0.0,0.0,0.23333333333333334,0.006400966218919363,0.0,0.23333333333333334,0.0,0.0,0.0949246435892082,0.06846766326203052,570.9919888932415,0.3061691756512681,0.1504464285714286,0.20059523809523808,0,1,1,1,1,1
unknown,0.0,0.0,0.1,0.12288679428278675,0.10638524234426139,0.1,0.026789336490428195,0.017213437376046463,0.0,0.0,333.1183165432556,0.16803213844904755,0.17395833333333333,0.23194444444444443,0,1,0,0,1,1
unknown,0.0,0.0,0.06666666666666667,0.0,0.0,0.06666666666666667,0.0,0.0,0.23590631534124623,0.23405150774287262,999.0,999.0,0.175,0.23333333333333334,0,0,1,1,0,1
unknown,0.0017821643537959243,0.0,0.6333333333333333,0.2589891439532131,0.24506754510350814,0.6333333333333333,0.09033576661857498,0.07727876803576122,0.0,0.0,999.0,999.0,0.196875,0.2625,0,1,0,0,1,1
unknown,0.0011140126554043353,0.0,1.1666666666666667,0.24450295054699595,0.17228569898410506,1.1666666666666667,0.07915758860893243,0.05779815122329952,0.0,0.0,999.0,999.0,0.19687500000000002,0.26249999999999996,0,1,1,1,1,1
unknown,0.00656440069359132,0.00656440069359132,0.03333333333333333,0.2699949536266966,0.2699949536266966,0.03333333333333333,0.12041880374997183,0.12041880374997183,0.0,0.0,999.0,999.0,0.196875,0.2625,0,0,1,1,1,1
unknown,0.0,0.0,0.03333333333333333,0.2740499628486351,0.2740499628486351,0.03333333333333333,0.10385591390062814,0.10385591390062814,0.0,0.0,999.0,999.0,0.196875,0.2625,0,1,1,1,1,1
unknown,0.0,0.0,0.06666666666666667,0.2560642573561982,0.25113094568292005,0.06666666666666667,0.09625048534241797,0.09283697390846994,0.0,0.0,999.0,999.0,0.196875,0.2625,0,0,1,1,1,1
unknown,0.0,0.0,0.6,0.23018970742315703,0.21655315853372722,0.6,0.09684063781975422,0.08612787868144138,0.0,0.0,999.0,999.0,0.196875,0.2625,0,1,1,1,1,1
unknown,0.0,0.0,0.06666666666666667,0.2341376560966269,0.22691051546363786,0.06666666666666667,0.09237185660397318,0.0876747001720537,0.0,0.0,999.0,999.0,0.196875,0.2625,0,0,1,1,1,1
unknown,0.0,0.0,0.23333333333333334,0.19975987976039788,0.11365114823157559,0.23333333333333334,0.06811661712263015,0.0,0.0066552673587667146,0.0,999.0,999.0,0.19687499999999997,0.2625,0,1,1,1,1,1
unknown,0.0,0.0,0.03333333333333333,0.0864160348876216,0.0864160348876216,0.03333333333333333,0.0,0.0,0.09856638711841664,0.09856638711841664,999.0,999.0,0.190625,0.25416666666666665,0,0,0,0,1,0
unknown,0.0,0.0,0.06666666666666667,0.07718104228845234,0.07541687522465475,0.06666666666666667,0.0,0.0,0.11139654754720565,0.0951719133697708,999.0,999.0,0.1875,0.25,0,0,1,1,1,1
unknown,0.0,0.0,0.23333333333333334,0.3678367168372529,0.3620382558924027,0.0,0.19392018876424305,0.18230557384900917,0.0,0.0,999.0,999.0,0.19687499999999997,0.2625,0,1,1,1,1,1
unknown,0.0,0.0,0.03333333333333333,0.1605626999037434,0.1605626999037434,0.03333333333333333,0.0,0.0,0.039941407631792165,0.039941407631792165,999.0,999.0,0.178125,0.2375,0,0,0,0,1,1
unknown,3.387851367209065e-05,0.0,1.6,0.24231542979882473,0.1792344250550459,1.0333333333333334,0.08788089288521957,0.060727896698085794,0.0,0.0,999.0,999.0,0.1966796875,0.2622395833333333,0,1,1,1,1,1
unknown,0.0,0.0,0.03333333333333333,0.21481775802674172,0.21481775802674172,0.03333333333333333,0.11627479677439644,0.11627479677439644,0.0,0.0,999.0,999.0,0.196875,0.2625,0,0,1,1,1,1
unknown,0.0,0.0,0.4,0.23540267593133668,0.1913200031719716,0.4,0.10251174048160246,0.08334383612243809,0.0,0.0,999.0,999.0,0.1966145833333333,0.26215277777777785,0,1,0,0,1,1
unknown,0.0,0.0,0.03333333333333333,0.24236684897081212,0.24236684897081212,0.03333333333333333,0.13583781508106713,0.13583781508106713,0.0,0.0,999.0,999.0,0.18125,0.24166666666666667,0,1,1,1,1,1
unknown,0.09902597878804449,0.0,0.6,0.43607335975316125,0.3127992647078194,0.0,0.33044025811638805,0.2276827745117847,0.08319568209947285,0.0,80.08052320240498,0.0,0.13724999999999998,0.183,0,0,1,1,1,1
unknown,0.11241947566282404,0.07300024045228351,0.13333333333333333,0.6235474725426957,0.5696506388508905,0.0,0.5200586446640596,0.4785428321987127,0.4432301961708902,0.4105972976216804,0.2683474512462389,0.18092259723337173,0.15,0.2,0,0,0,1,1,1
unknown,0.3251823142172882,0.0,0.2,0.6854563958452449,0.4737917189321965,0.0,0.5733778696455257,0.38641761336594205,0.5095537528735762,0.4221566800781451,0.4726292174267474,0.16899677454618936,0.15178571428571425,0.2023809523809524,0,0,1,1,1,1
unknown,0.34864645584892184,0.10846538835118284,0.26666666666666666,0.750623867524822,0.515563358634378,0.0,0.6242873556949811,0.46527106575749977,0.5220705989319601,0.46294388585112795,64.92315718159867,0.2469526619679139,0.171875,0.22916666666666674,0,0,0,1,1,1
unknown,0.411997639429842,0.26378010097366555,0.03333333333333333,0.7820570685720036,0.7351108934649225,0.0,0.6393470791628273,0.6040833294269051,0.5070764980419538,0.4959299948237107,0.496130270889246,0.469105502592372,0.171875,0.22916666666666666,0,0,1,1,1,1
unknown,0.2768056111103532,0.0,1.2666666666666666,0.2781446593500644,0.0,0.5,0.3820574040906069,0.0,0.6395608115397374,0.0496220815537471,0.6155684793607501,0.19134789901817786,0.14753086419753084,0.19670781893004113,1,0,0,1,1,1
unknown,0.1866593941582799,0.0,0.7666666666666667,0.16520637980098257,0.0,0.9333333333333333,0.2517195729319111,0.0,0.5179837511192975,0.09125732968448326,305.3417154184524,0.36795297322753684,0.1371292372881356,0.18283898305084745,0,0,0,0,0,1
unknown,0.00673826523256156,0.0,0.1,0.32681446185983737,0.32461338846521176,0.0,0.1551612783013544,0.11434045272311422,0.16665893497094017,0.13334113355783586,999.0,999.0,0.17916666666666667,0.2388888888888889,0,0,1,1,1,1
unknown,0.18500335977680538,0.1416811370893234,0.06666666666666667,0.4535579604238066,0.4227614983432996,0.0,0.50668321623602,0.4506219021508515,0.7476602527641091,0.599102302650461,1.0724791167826324,0.9666831000488663,0.15468749999999998,0.20625,0,0,0,0,0,1
unknown,0.16793711033246664,0.16793711033246664,0.03333333333333333,0.36901542143584426,0.36901542143584426,0.0,0.4776944726202129,0.4776944726202129,0.8710915096313993,0.8710915096313993,1.2416070643313282,1.2416070643313282,0.1375,0.18333333333333332,0,0,1,1,0,1
unknown,0.33027562081311307,0.0,0.3,0.4083870646830995,0.10701965599668942,0.16666666666666666,0.4700770748119217,0.042102440928707165,0.8575136735400879,0.18658437677282727,281.8108076692383,1.0109093302644678,0.13134765625,0.17513020833333331,0,0,0,0,0,1
unknown,0.2875949856287062,0.15785871933205056,1.1333333333333333,0.7463647163751139,0.6616924569536928,0.0,0.5588421649236038,0.5026635485264307,0.4569528944050175,0.4231745955938734,913.4129257641681,0.4701818457745831,0.15312500000000004,0.20416666666666666,1,0,1,1,1,1
unknown,0.4154656936088731,0.4154656936088731,0.0,0.9299406214263806,0.9299406214263806,0.0,0.7211271735704664,0.7211271735704664,0.47620441687955056,0.47620441687955056,999.0,999.0,0.153125,0.20416666666666666,0,0,1,1,1,1
unknown,0.3272485967050126,0.0,0.3,0.829352763499182,0.4137804521562637,0.0,0.626012341010798,0.20623437009057152,0.47572743443576126,0.31567774632222895,999.0,999.0,0.15265625000000002,0.20354166666666668,1,0,1,1,1,1
unknown,0.0,0.0,0.03333333333333333,0.24416409257176946,0.24416409257176946,0.03333333333333333,0.058599262288420474,0.058599262288420474,0.2374913065722673,0.2374913065722673,999.0,999.0,0.14375,0.19166666666666668,1,0,0,1,0,1
unknown,0.0,0.0,0.26666666666666666,0.27590609400271837,0.2240325263877169,0.1,0.05216301724826344,0.009527230430424782,0.150366487716859,0.10664118171224968,749.3626677936068,0.43319975134803157,0.133984375,0.17864583333333334,0,0,0,0,0,1
unknown,0.0,0.0,0.03333333333333333,0.3349646895000597,0.3349646895000597,0.0,0.1347807066940124,0.1347807066940124,0.17761345909810713,0.17761345909810713,999.0,999.0,0.146875,0.19583333333333333,1,0,1,1,0,1
unknown,0.5157587601584286,0.02186327423226363,0.16666666666666666,0.885391862419817,0.4875681761593914,0.0,0.701260784190117,0.31153518563249094,0.6217575803118959,0.3755885706903062,915.8083019396248,0.6929510417551209,0.14991319444444448,0.1998842592592593,1,0,1,1,1,1
unknown,0.22374204298175335,0.10095042672783858,0.1,0.663654223131205,0.5334773549784637,0.0,0.5280473035557918,0.4471380686900796,0.42411855402034265,0.3448641701289061,0.4090219202481928,0.3330150498616746,0.18125,0.24166666666666667,0,0,1,1,1,0
unknown,0.0,0.0,0.1,0.41303940442211845,0.3479122445623395,0.0,0.31049060505895804,0.2746844790133655,0.22783222963847702,0.21406940560152446,0.23313574791549904,0.20657164106605502,0.17604166666666665,0.2347222222222222,0,0,0,1,1,1
unknown,0.20523010097800604,0.0,0.1,0.5284580341936235,0.3316681976017199,0.0,0.37968561682810226,0.20600086496290332,0.2746046107597166,0.06250332501293537,399.8550205654167,0.38602448014686874,0.15625,0.20833333333333334,0,0,1,1,1,1
unknown,0.37926554939496726,0.0022071505273314387,0.16666666666666666,0.6659821680688766,0.4170172313382183,0.0,0.5144213607617087,0.2395409966500609,0.49020894845103796,0.2392925003715621,333.3282943473169,0.2767434171136431,0.171875,0.22916666666666666,0,0,0,1,1,1
unknown,0.04926826415482819,0.0,0.16666666666666666,0.3262547577380136,0.313917583965956,0.0,0.18010869733083318,0.14040240723890318,0.021391434203596495,0.0,799.2593620901015,0.29681045050753024,0.14375,0.19166666666666668,0,0,1,1,0,1
unknown,0.038633501531537696,0.0,0.5333333333333333,0.015400425637873222,0.0,0.5333333333333333,0.0,0.0,0.0,0.0,0.0,0.0,0.296875,0.3958333333333333,0,0,0,0,1,1
unknown,0.0007108532854300611,0.0,0.9,0.1408168577052857,0.02637351957338108,0.8666666666666667,0.07186444074319721,0.0015908146849536277,0.034164254725594576,0.0,148.17542834926778,0.08769180864194676,0.18125000000000002,0.2416666666666666,1,0,1,1,1,1
unknown,0.0,0.0,0.16666666666666666,0.19288476242881605,0.18379988620528925,0.16666666666666666,0.07587031059688995,0.0636167398495635,0.0,0.0,0.2308466284677415,0.18837990562821239,0.18125,0.24166666666666664,1,0,0,1,1,1
unknown,0.0,0.0,0.03333333333333333,0.10543489670914818,0.10543489670914818,0.03333333333333333,0.0,0.0,0.0,0.0,0.34218119308840217,0.34218119308840217,0.18125,0.24166666666666667,0,0,0,0,1,1
unknown,0.0,0.0,0.03333333333333333,0.1649541414754626,0.1649541414754626,0.03333333333333333,0.05961094162107746,0.05961094162107746,0.0,0.0,999.0,999.0,0.184375,0.24583333333333332,0,0,1,1,1,1
unknown,0.21070488036137575,0.0,0.23333333333333334,0.4085939445340063,0.25441995691567654,0.13333333333333333,0.23551272298203121,0.13005017943141425,0.020913798305645204,0.0,149.93724791546316,0.0,0.209375,0.2791666666666667,1,0,1,1,1,1
unknown,0.16623276859259398,0.0,0.4666666666666667,0.28868158078412254,0.16437253483811376,0.13333333333333333,0.281525786833879,0.19507822377333806,0.3455113923951788,0.2128503701472392,999.0,999.0,0.18291666666666667,0.24388888888888885,1,0,0,1,0,1
unknown,0.32355680591269287,0.013320059978979166,0.1,0.4055536889906315,0.38094933493648026,0.0,0.4666778777974353,0.3980318014205858,0.7831417905799423,0.7480897233357235,999.0,999.0,0.16666666666666666,0.2222222222222222,0,0,0,0,0,1
unknown,0.060193662664727685,0.0,0.3,0.22760536365832426,0.19026120122369022,0.3,0.16775143157137623,0.07600929680418952,0.12578111799929936,0.0786463554766536,999.0,999.0,0.209375,0.2791666666666667,1,0,0,1,0,1
unknown,0.16241600234476675,0.0,0.2,0.28478998416172746,0.027597011462189788,0.03333333333333333,0.27416664290741194,0.0,0.24863697312445232,0.1831264250604853,999.0,999.0,0.22291666666666668,0.2972222222222222,0,0,0,0,0,1
unknown,0.10121852921771475,0.0,0.16666666666666666,0.2695310577528707,0.2376828745541424,0.06666666666666667,0.07602551769898877,0.034753037495250556,0.002866260426085686,0.0,599.4743430295651,0.1761074624394535,0.215625,0.2875,1,0,0,1,0,1
unknown,0.4957948147459234,0.20052959430980097,0.2,0.5255530745626033,0.21932599396788155,0.03333333333333333,0.5858251043774597,0.25567883938090274,0.851044811833024,0.6472494537877,555.4746908669282,0.7762606393534526,0.178125,0.2375,0,0,0,0,0,1
unknown,0.17102055624823645,0.12128803663157524,0.1,0.36174839913842916,0.26338243181448495,0.03333333333333333,0.45014281991292,0.41391765995856444,0.4609170932456667,0.43892094446772567,999.0,999.0,0.2125,0.2833333333333333,0,0,1,1,0,1
unknown,0.0,0.0,0.3333333333333333,0.1587545431675109,0.1334975470416252,0.3333333333333333,0.023361394699962006,0.0,0.0,0.0,999.0,999.0,0.21593749999999998,0.28791666666666665,0,1,1,1,1,1
unknown,0.0,0.0,0.03333333333333333,0.15133065222655565,0.15133065222655565,0.03333333333333333,0.008372962591817489,0.008372962591817489,0.0,0.0,999.0,999.0,0.221875,0.29583333333333334,0,0,1,1,1,1
unknown,0.0010293180726216717,0.0,0.8,0.16873384884291423,0.10602913474329873,0.8,0.019924676998699455,0.0,0.0002837015918212295,0.0,999.0,999.0,0.225,0.3,0,1,1,1,1,1
unknown,0.0023187793362751926,0.0,0.16666666666666666,0.14872324539626633,0.12705610662936254,0.16666666666666666,0.0009709613793846605,0.0,0.007455729987025768,0.0,999.0,999.0,0.22625,0.30166666666666664,0,0,1,1,1,1
unknown,0.0,0.0,0.7,0.0,0.0,0.7,0.0,0.0,0.02709710636509685,0.011686540386280283,0.23791852924288606,0.2219828755931847,0.18526785714285715,0.24702380952380953,0,1,1,1,1,1
unknown,0.29073647448171447,0.0,0.1,0.565705553270173,0.3647798170424119,0.0,0.405954186519388,0.19128526227558232,0.3147553213770441,0.16505760024965901,0.3034325794751335,0.04224429061835535,0.13499999999999995,0.18000000000000002,0,0,1,1,1,1
unknown,0.33652096386574254,0.0,0.06666666666666667,0.6442256092843012,0.3040233497217799,0.0,0.47099390542622677,0.21358893100229165,0.3832759540154201,0.226549771872084,214.33298512493158,0.05961893435881813,0.15580357142857143,0.20773809523809525,0,0,0,1,1,1
unknown,0.3535126405118661,0.26902939626651,0.06666666666666667,0.6016706053422313,0.4527747699984961,0.0,0.4590309860804319,0.30849550032648204,0.37792959342621735,0.2541703019675256,0.3546048268502085,0.1870992676807523,0.15625,0.20833333333333331,0,0,1,1,1,1
unknown,0.0881596846329352,0.0,0.1,0.3875715705586855,0.24861215510853785,0.03333333333333333,0.24393523380480278,0.1319942673656608,0.1096870081470633,0.0,499.55497396033024,0.02728464245515504,0.13645833333333335,0.18194444444444446,0,0,0,1,1,1
unknown,0.021122184474703726,0.0,0.3,0.16501917654494774,0.04042690532376293,0.3,0.051521438554456934,0.0,0.05494616090106044,0.0,666.0164493615353,0.0,0.22083333333333335,0.2944444444444444,1,0,0,1,1,1
unknown,0.15474413620709435,0.0,0.2,0.49837971489377497,0.4692671665826927,0.0,0.29192169732172313,0.25934222978513044,0.1755365984859245,0.02501469344032686,832.5577310258692,0.3463861552151191,0.19375,0.25833333333333336,1,0,1,1,1,1
unknown,0.0,0.0,0.03333333333333333,0.43347103980228546,0.43347103980228546,0.0,0.2686097253181427,0.2686097253181427,0.021549473791804753,0.021549473791804753,999.0,999.0,0.19375,0.25833333333333336,1,0,0,1,1,1
unknown,0.01858279255991719,0.0,0.16666666666666666,0.29604063714492324,0.18896537663386948,0.06666666666666667,0.14614389097706196,0.03735176476947192,0.01704572489556125,0.0,999.0,999.0,0.21187499999999998,0.28250000000000003,1,0,1,1,1,1
unknown,0.23652142860633005,0.06196699100704443,0.3,0.3973049655428967,0.1676117172723736,0.1,0.4367496870830814,0.23479760746738412,0.5152466335161451,0.42245483114913357,0.7044063158145419,0.513199319515297,0.12843750000000004,0.17125,0,0,0,0,0,1
unknown,0.0,0.0,0.26666666666666666,0.15461117127529908,0.08489200549568421,0.26666666666666666,0.1429833664593907,0.01035713564295738,0.20882617327952996,0.09265048178969858,125.24873001076404,0.363302054350225,0.14140625,0.18854166666666666,0,0,0,0,0,1
unknown,0.00726748346022524,0.0,0.13333333333333333,0.05571125059545301,0.0,0.13333333333333333,0.0873682989045793,0.038211962025388825,0.43588332723433,0.24426838892722308,0.674782285339626,0.4151836004017191,0.15703125,0.209375,0,0,0,0,0,1
unknown,0.005132990887526291,0.005132990887526291,0.03333333333333333,0.0,0.0,0.03333333333333333,0.05008006004344386,0.05008006004344386,0.5263949150301954,0.5263949150301954,999.0,999.0,0.146875,0.19583333333333333,1,0,0,0,0,1
unknown,0.15938424250995792,0.0,0.5,0.2968981996414443,0.009413983098693074,0.03333333333333333,0.25040737886118003,0.08683510612392444,0.21202347728411286,0.17484433763143756,200.02512566055393,0.205436149160699,0.2306249999999999,0.3074999999999999,1,0,0,1,0,1
unknown,0.007739034657879544,0.0,0.16666666666666666,0.3350401800467886,0.2785288210206361,0.03333333333333333,0.18672085699421898,0.17110716839067264,0.0,0.0,999.0,999.0,0.1625,0.2166666666666667,1,0,1,1,1,1
unknown,0.0,0.0,0.1,0.37629669037517005,0.3476579653928919,0.0,0.21022213912219767,0.17568330471217147,0.1671241129041577,0.15438058820917247,999.0,999.0,0.16041666666666668,0.2138888888888889,0,0,0,1,1,1
unknown,0.0,0.0,0.2,0.35898755127481463,0.3242068658207827,0.0,0.15246159954515262,0.1291243426511144,0.1303342348806473,0.10757726552124645,999.0,999.0,0.16197916666666667,0.21597222222222223,0,0,1,1,1,1
unknown,0.07206326602312768,0.0,0.1,0.4883392681988961,0.40239169853773477,0.0,0.28745847642445244,0.2053866477289055,0.24801651168028904,0.19565261810325926,999.0,999.0,0.1625,0.21666666666666667,0,0,0,1,1,1
unknown,0.265150859047289,0.16034867305557624,1.3333333333333333,0.6580175502609534,0.4187609437748837,0.0,0.47121444063630163,0.2698704330805972,0.40035520242817974,0.346701271657984,856.355539295448,0.3972329454932035,0.14687499999999998,0.1958333333333333,1,0,1,1,1,1
unknown,0.256880022901278,0.19090049061086878,0.2,0.6877276773112264,0.5123882311261163,0.0,0.47408655829803453,0.31749461665145373,0.40971378812225806,0.3699691247133249,856.355817917243,0.49072542070070435,0.146875,0.19583333333333333,1,0,0,1,1,1
unknown,0.38129750983762817,0.3766379450452036,0.0,0.7923102981810711,0.7921696529304376,0.0,0.583279859393772,0.5823037189130621,0.4723021199462233,0.46942857458587955,0.5191354053069404,0.5116450003390515,0.146875,0.19583333333333333,1,0,1,1,1,1
unknown,0.3764994261783808,0.3764994261783808,0.0,0.7997273796922806,0.7997273796922806,0.0,0.5794123369348748,0.5794123369348748,0.47209393320749093,0.47209393320749093,0.5146962083378402,0.5146962083378402,0.146875,0.19583333333333333,1,0,0,1,1,1
unknown,0.32581651990267235,0.3014784458739284,0.13333333333333333,0.7969415671602663,0.7840499039466847,0.0,0.5692069136452379,0.5505467751586467,0.4491126067422856,0.4451980424440735,499.74338424218263,0.482790563505511,0.146875,0.19583333333333333,1,0,1,1,1,1
unknown,0.27846828629358805,0.27846828629358805,0.03333333333333333,0.7198438776979433,0.7198438776979433,0.0,0.49484603825256585,0.49484603825256585,0.42275859491252465,0.42275859491252465,999.0,999.0,0.146875,0.19583333333333333,1,0,0,1,1,1
unknown,0.20448746614687224,0.2028748356751828,0.06666666666666667,0.5893044977472673,0.5514143689609782,0.0,0.39115794277080435,0.35537508173382526,0.3686402443023383,0.3508079588623772,999.0,999.0,0.146875,0.19583333333333333,1,0,1,1,1,1
unknown,0.32317773998991156,0.0,0.3,0.6445535708394534,0.3310555673049562,0.0,0.5025406439589262,0.19177004063238198,0.41830553123634145,0.13998244006249821,473.4983937375414,0.3894408366693866,0.17549342105263155,0.23399122807017547,0,0,1,1,1,1
unknown,0.0,0.0,0.03333333333333333,0.2930336454503689,0.2930336454503689,0.0,0.1277837880222911,0.1277837880222911,0.20166107034481903,0.20166107034481903,999.0,999.0,0.153125,0.20416666666666666,1,0,1,1,0,1
unknown,0.0012154919031011808,0.0,0.06666666666666667,0.38493359177684117,0.3803283048696285,0.0,0.20712361691035364,0.20301899854423355,0.18337574802028755,0.1825721197402174,0.45141374341804097,0.44293281413389957,0.15625,0.20833333333333331,1,0,1,1,1,1
unknown,0.010116877206308765,0.010116877206308765,0.03333333333333333,0.39105603279636514,0.39105603279636514,0.0,0.2204391199942384,0.2204391199942384,0.2167139026468283,0.2167139026468283,0.4751965668993311,0.4751965668993311,0.15625,0.20833333333333334,1,0,1,1,0,1
unknown,0.0,0.0,0.13333333333333333,0.40550120218680585,0.391973345002952,0.0,0.21757634841716095,0.2065991486252781,0.20328238466883292,0.18488023886390412,749.3501110047512,0.4004440190049062,0.1546875,0.20625,1,0,1,1,1,1
unknown,0.010148542348037706,0.0,0.26666666666666666,0.3627379409414431,0.3299744391489119,0.0,0.3140170807229198,0.29761536875576444,0.04060729358701816,0.0,624.4245044537869,0.11508163265214087,0.177734375,0.23697916666666666,0,1,1,1,1,1
unknown,0.0,0.0,0.03333333333333333,0.39493559449872134,0.39493559449872134,0.0,0.30858897151544434,0.30858897151544434,0.0,0.0,999.0,999.0,0.175,0.23333333333333334,0,0,1,1,1,1
unknown,0.007348730581696294,0.0,0.6333333333333333,0.4830777630032995,0.37089474799217037,0.0,0.3455369455925964,0.28127399976404593,0.027417184232089907,0.0,893.8528469456478,0.10059845160468975,0.17499999999999996,0.23333333333333334,0,1,1,1,1,1
unknown,0.0014823515140359015,0.0,0.1,0.44938820931303597,0.3960071224288,0.0,0.35779954386293467,0.33128663012713266,0.016555414693016145,0.0,999.0,999.0,0.17499999999999996,0.2333333333333333,0,0,1,1,1,1
unknown,0.0,0.0,0.03333333333333333,0.36515151155989295,0.36515151155989295,0.0,0.3259415891827065,0.3259415891827065,0.0,0.0,999.0,999.0,0.178125,0.2375,0,1,1,1,1,1
unknown,0.0,0.0,0.06666666666666667,0.36898220947910365,0.36710841447908193,0.0,0.3328212560196332,0.33272483475019116,0.0,0.0,499.546345677031,0.09269135406207835,0.175,0.23333333333333334,0,1,0,0,1,1
unknown,0.0,0.0,0.8,0.3842804384479137,0.2789620703687094,0.03333333333333333,0.2884134593855774,0.11109992542037611,0.0075692573158680845,0.0,790.8928557663112,0.0467638458369632,0.17643229166666666,0.23524305555555558,0,1,1,1,1,1
unknown,0.0,0.0,0.03333333333333333,0.4596084589723192,0.4596084589723192,0.0,0.2847698616171846,0.2847698616171846,0.07976628713295095,0.07976628713295095,999.0,999.0,0.175,0.23333333333333334,0,0,1,1,1,1
unknown,0.08428036944251675,0.0,1.5,0.5516543902467452,0.46244274636070926,0.0,0.40395258522669003,0.3356576716448181,0.06711145419935213,0.0,888.0207439158073,0.09780463048018578,0.18423611111111113,0.24564814814814817,0,1,1,1,1,1
unknown,0.06895519806720855,0.0,0.1,0.1553745475389318,0.1122809469770359,0.1,0.1609040253658913,0.1550341008148383,0.0623371601105344,0.036036002321053,0.0,0.0,0.140625,0.1875,0,0,0,1,1,1
unknown,0.0,0.0,0.03333333333333333,0.10872154267584382,0.10872154267584382,0.03333333333333333,0.14035242205169643,0.14035242205169643,0.08135073216047174,0.08135073216047174,0.0,0.0,0.134375,0.17916666666666667,1,0,0,1,1,1
unknown,0.12028414806131177,0.11109819482861827,0.06666666666666667,0.173776926183855,0.16569230389360448,0.06666666666666667,0.14661374279590988,0.1424942855255227,0.02557564065570629,0.024930325830366095,0.0,0.0,0.15,0.2,0,0,0,1,1,1
unknown,0.018082577123811713,0.0,0.3,0.28141578211534535,0.23719229636054923,0.06666666666666667,0.18379037659614492,0.15813485598252,0.0033872797233262548,0.0,0.088784981801247,0.07091215025942463,0.15625,0.20833333333333334,0,0,0,0,1,0
unknown,0.0,0.0,0.26666666666666666,0.08383250759628322,0.05550759874260374,0.26666666666666666,0.0017152419238297928,0.0,0.09740696353314768,0.08798014850374776,0.29947202207390694,0.2913117590661962,0.16015625,0.21354166666666666,0,0,0,0,0,1
unknown,0.0,0.0,0.03333333333333333,0.29878748078488737,0.29878748078488737,0.0,0.17574328609551418,0.17574328609551418,0.0,0.0,0.06529419907622623,0.06529419907622623,0.178125,0.2375,0,0,0,0,1,1
unknown,0.10396765896327043,0.0,0.16666666666666666,0.3788795911686369,0.37190149814374707,0.0,0.27326649279947296,0.24614759948894474,0.0,0.0,0.0,0.0,0.178125,0.2375,0,0,0,1,1,1
unknown,0.1286768293653614,0.0,0.3,0.3923096594204743,0.23187316784514014,0.03333333333333333,0.26634659785669157,0.11133766154250431,0.14129056003189927,0.06903494907298345,0.14678983832899786,0.09503119170431257,0.14930555555555555,0.19907407407407407,0,0,1,1,1,1
unknown,0.0,0.0,0.4,0.43163233177765337,0.38553483626881,0.0,0.24920121722113198,0.22841756350561038,0.0011159058510585504,0.0,999.0,999.0,0.18255208333333336,0.24340277777777775,0,0,1,1,0,1
unknown,0.011276009447736695,0.0,0.6666666666666666,0.4189917420087296,0.34550724796079313,0.0,0.24349504294341426,0.18334666121812213,0.028258537156377744,0.0,999.0,999.0,0.1940625,0.25875000000000004,0,0,1,1,0,1
unknown,0.0,0.0,0.3,0.3606539248897678,0.23826647132998813,0.03333333333333333,0.20110283728913583,0.08228845980923166,0.0,0.0,888.0139232328512,0.1253090956610741,0.23541666666666672,0.3138888888888889,1,0,0,0,1,1
unknown,0.0,0.0,0.06666666666666667,0.4079728566755415,0.37037665497075545,0.0,0.25118661301927847,0.20844444698303732,0.0,0.0,999.0,999.0,0.19375,0.25833333333333336,0,0,1,1,0,1
unknown,0.0,0.0,0.43333333333333335,0.5186818339826528,0.38746486854918033,0.0,0.3596486871297252,0.2264944998171872,0.0,0.0,999.0,999.0,0.1956730769230769,0.26089743589743597,0,0,0,1,1,1
unknown,0.06705258954625584,0.04125217969101086,0.1,0.15336262269304565,0.14307476481848894,0.1,0.2401035847064149,0.2156705887931516,0.32857521987787636,0.3176795214784904,0.5265408024200969,0.5096248793468305,0.11875000000000001,0.15833333333333333,0,0,1,1,1,1
unknown,0.05494314292684351,0.049124966552127156,0.2,0.1675990369605643,0.153942278892482,0.2,0.2263049759681562,0.20805440223727537,0.31468723991453,0.3014828363781912,0.5178653722874403,0.507626821407794,0.12239583333333333,0.16319444444444442,1,0,1,1,1,1
unknown,0.07631924675748124,0.07631924675748124,0.03333333333333333,0.47675230712394756,0.47675230712394756,0.0,0.309003848354282,0.309003848354282,0.34316490077460826,0.34316490077460826,999.0,999.0,0.15625,0.20833333333333334,0,0,1,1,0,1
unknown,0.0,0.0,0.4,0.4057381521016799,0.2973793810572778,0.0,0.2633099252839718,0.15584568243511435,0.0,0.0,999.0,999.0,0.20312499999999997,0.2708333333333333,0,0,0,1,1,1
unknown,0.0,0.0,0.16666666666666666,0.3308920823426633,0.30682378565879315,0.0,0.18441078760757373,0.1737079249601014,0.0,0.0,999.0,999.0,0.20625,0.275,0,0,1,1,0,1
unknown,0.03241381994754998,0.0,0.26666666666666666,0.3147242935804845,0.2395979457386274,0.03333333333333333,0.1469059400638902,0.06196490392944153,0.0,0.0,749.2692024421642,0.039154230977788924,0.269140625,0.3588541666666667,1,0,0,0,1,1
unknown,0.05448053594300007,0.0,0.4666666666666667,0.403512221130752,0.3828602354614583,0.0,0.24823696356683117,0.21271897700568057,0.007428489193985459,0.0,285.5107066628108,0.08501954851428462,0.18191964285714285,0.24255952380952375,0,0,1,1,0,1
unknown,0.0,0.0,0.03333333333333333,0.4385402263953613,0.4385402263953613,0.0,0.2694981002476199,0.2694981002476199,0.0,0.0,999.0,999.0,0.18125,0.24166666666666667,0,0,1,0,0,1
unknown,0.06486678322716095,0.0,1.0666666666666667,0.44079449255166725,0.37890377056456587,0.0,0.2697180154725891,0.19469171159280946,0.04034788198493389,0.0,593.192659454802,0.05880090758758605,0.19873046875,0.2649739583333333,0,0,1,1,0,1
unknown,0.0,0.0,0.36666666666666664,0.440403434998632,0.41517151827373483,0.0,0.312030739136143,0.29853379638431554,0.0,0.0,363.27408300458205,0.0,0.21732954545454544,0.2897727272727273,0,0,0,1,1,1
unknown,0.157350919823788,0.15148451446463865,0.1,0.4564181548914807,0.4527943061433663,0.0,0.39261994464238753,0.39135308585609174,0.29521285802910696,0.29161593618870907,0.3493932103490985,0.343073199340456,0.14791666666666667,0.19722222222222227,0,0,1,1,0,1
unknown,0.05453600561008624,0.03353059761492671,0.1,0.4752678038590375,0.47200374494297226,0.0,0.42955633003269406,0.4233044665851552,0.31084765537433023,0.2991640757741983,0.341977106386508,0.32864199694587837,0.15,0.20000000000000004,1,0,1,1,0,1
unknown,0.08874350204418138,0.08079039949053095,0.13333333333333333,0.48345579704892816,0.4823757903672412,0.0,0.4087402306506619,0.40479248963598213,0.3204832273882784,0.313712059515811,0.31485862344892734,0.31081036244582577,0.15,0.2,0,0,1,1,0,1
unknown,0.0,0.0,0.03333333333333333,0.45031377251698057,0.45031377251698057,0.0,0.32846208676857236,0.32846208676857236,0.0,0.0,0.01533636828816724,0.01533636828816724,0.184375,0.24583333333333332,0,0,1,1,0,1
unknown,0.0,0.0,0.13333333333333333,0.5097644337163403,0.4916745306604463,0.0,0.3774413036760289,0.3702504773554386,0.0,0.0,249.75357318435965,0.0,0.18203124999999998,0.24270833333333333,0,0,1,1,0,1
unknown,0.0013013744822762561,0.0,0.36666666666666664,0.39887447858132197,0.2706610465547901,0.03333333333333333,0.2709697336787586,0.14863849289401784,0.0,0.0,0.05696081721907336,0.0,0.20795454545454542,0.2772727272727273,0,0,0,1,1,1
unknown,0.12956228451468835,0.0,0.26666666666666666,0.29353179279669533,0.1874714408074589,0.06666666666666667,0.12883032701219987,0.05744361629063384,0.0,0.0,249.82630942066274,0.0,0.24765625,0.3302083333333333,1,0,0,0,1,1
unknown,0.029597712364164613,0.0,1.1333333333333333,0.4053803860894991,0.3553742297407837,0.0,0.2727954401957687,0.21838274119405707,5.669383984038271e-05,0.0,88.23893065826482,0.04922592969929294,0.18869485294117647,0.2515931372549019,0,0,1,1,0,1
unknown,0.1630921340001619,0.061480859103440415,0.13333333333333333,0.42737234273098984,0.41390246739145037,0.0,0.24437822290438058,0.23996422779944884,0.14212363266527034,0.10659363230041946,0.21438944145900354,0.05444658859081684,0.259375,0.3458333333333333,1,0,0,0,1,1
unknown,0.04827125283795276,0.0,0.16666666666666666,0.37053077579076754,0.3351547709771059,0.0,0.2557044864400929,0.24333454418841222,0.0,0.0,199.83680567639988,0.036772859657421865,0.228125,0.30416666666666664,1,0,0,0,1,1
unknown,0.12925296799076832,0.0,0.13333333333333333,0.40747348251418286,0.3929864844775345,0.0,0.3079750510980077,0.294164934352464,0.012143283030422877,0.0,0.033235056160840576,0.0,0.19296875,0.25729166666666664,0,0,0,0,0,1
unknown,0.0,0.0,0.9,0.4056384172848492,0.3506478728745416,0.0,0.30688497130362424,0.24756999319816556,0.0,0.0,74.06902517876027,0.027621281952579613,0.1828703703703703,0.24382716049382716,0,0,1,1,0,1
unknown,0.0,0.0,0.03333333333333333,0.2755804965083423,0.2755804965083423,0.03333333333333333,0.21166832263073232,0.21166832263073232,0.0,0.0,0.15574938267073377,0.15574938267073377,0.2,0.26666666666666666,1,0,0,1,0,1
unknown,0.0,0.0,0.06666666666666667,0.34865815297956243,0.3396991732948248,0.0,0.30892870952543305,0.3019452086945781,0.0,0.0,0.09791025899581796,0.09550385258109884,0.1703125,0.22708333333333333,0,0,1,1,0,1
unknown,0.0,0.0,0.06666666666666667,0.23860169843764722,0.2372846131754478,0.06666666666666667,0.18159475640210043,0.17860796705427542,0.0,0.0,0.12462590345280514,0.10986324844489072,0.2,0.26666666666666666,1,0,0,1,0,1
unknown,0.12287358745788732,0.0,1.2333333333333334,0.4393870471908906,0.32127970194035704,0.0,0.3232163462783396,0.22865402939282867,0.009111514566347763,0.0,0.06906891421048926,0.016446148005509073,0.17364864864864865,0.23153153153153158,0,0,1,1,0,1
unknown,0.0,0.0,0.06666666666666667,0.301276551528861,0.30051640591247414,0.0,0.2623633290307158,0.2609379529336506,0.0,0.0,0.011768548595006818,0.006588253082042178,0.203125,0.2708333333333333,1,0,0,0,1,1
unknown,0.0,0.0,0.13333333333333333,0.2976561935513066,0.29138355724264314,0.0,0.26728765995835313,0.2634302399943396,0.0,0.0,0.05840393960883773,0.048157251080963255,0.18046875,0.240625,0,0,0,1,1,1
unknown,0.06946301491889614,0.0,1.0333333333333334,0.4485600437440161,0.30090126860390354,0.0,0.4368426105574568,0.34194375771918606,0.02680242924651237,0.0,0.007012421556669551,0.0,0.140625,0.1875,0,0,1,1,1,1
unknown,0.0,0.0,0.03333333333333333,0.33441187037449427,0.33441187037449427,0.0,0.28830689438323803,0.28830689438323803,0.0,0.0,999.0,999.0,0.134375,0.17916666666666667,0,0,0,0,1,1
unknown,0.7900499609245571,0.7900499609245571,0.0,1.1966288769771414,1.1966288769771414,0.0,1.0226656834621548,1.0226656834621548,0.9016377339046514,0.9016377339046514,0.9154297828603392,0.9154297828603392,0.140625,0.1875,0,0,1,1,1,1
unknown,0.022458003654912042,0.022458003654912042,0.03333333333333333,0.5596200604828376,0.5596200604828376,0.0,0.43964831875960164,0.43964831875960164,0.394596830066672,0.394596830066672,0.454459770955585,0.454459770955585,0.14375,0.19166666666666668,0,0,0,0,1,1
unknown,0.6889799717554641,0.03823262928398527,0.06666666666666667,0.9615823357849995,0.5530356232049632,0.0,0.7570534189842726,0.4554365493593321,0.5527570107037372,0.38288631827174735,0.5886131574309929,0.37948954432311344,0.148828125,0.19843750000000002,0,0,1,1,1,1
unknown,0.29418469519392854,0.27225474772720165,0.13333333333333333,0.4781901099645217,0.4576968369711771,0.0,0.4403989217236427,0.42584801436574404,0.41207390051554105,0.404526707418736,999.0,999.0,0.16015625,0.21354166666666669,1,0,0,1,0,1
unknown,0.3085659437619664,0.12153501444237683,0.16666666666666666,0.4587278787181262,0.30150503604537604,0.0,0.4983629105949584,0.3953203596287069,0.7841443650261788,0.7587594501011988,932.4734245728695,1.101368593042454,0.1585416666666667,0.2113888888888889,0,0,0,0,0,1
unknown,0.1467218148861972,0.06823991862158167,0.16666666666666666,0.29318523152079273,0.27473541644537397,0.03333333333333333,0.2685440773444602,0.22722641753709424,0.2734456120480234,0.2584045469246178,999.0,999.0,0.173125,0.2308333333333333,1,0,0,1,0,1
unknown,0.022231304601614342,0.022231304601614342,0.03333333333333333,0.24553561374243016,0.24553561374243016,0.03333333333333333,0.23277846148435252,0.23277846148435252,0.41027763301088577,0.41027763301088577,999.0,999.0,0.171875,0.22916666666666666,0,0,0,0,0,1
unknown,0.25972915341043795,0.0995978532869964,0.4,0.38744371700769653,0.35173050176671217,0.0,0.29953693006815346,0.24324043899626657,0.3401734850699263,0.3075321926390771,999.0,999.0,0.17395833333333333,0.23194444444444448,1,0,0,1,0,1
unknown,0.06768141323594937,0.06768141323594937,0.03333333333333333,0.27063729204285075,0.27063729204285075,0.03333333333333333,0.2557593526477921,0.2557593526477921,0.3512299863347781,0.3512299863347781,999.0,999.0,0.18125,0.24166666666666667,1,0,0,0,0,1
unknown,0.1892650908996548,0.0416870492441643,0.36666666666666664,0.3552322515317682,0.22901064243018032,0.03333333333333333,0.3926219178972858,0.2222998152116796,0.7008001757219076,0.3798981040196522,999.0,999.0,0.16066176470588237,0.2142156862745098,0,0,0,0,0,1
unknown,0.029937380863290244,0.02350828433716552,0.13333333333333333,0.3847786261281816,0.3753063288505188,0.0,0.4010197323786082,0.39690968870938137,0.7494023427565759,0.7459760110803247,999.0,999.0,0.153125,0.20416666666666666,0,0,0,0,0,1
unknown,0.06490151432513408,0.0,0.5333333333333333,0.4205596677031828,0.21721540197763908,0.03333333333333333,0.2998495113986728,0.22615998134142404,0.13876068047737308,0.0,0.20384809712492594,0.022607062702174913,0.2142578125,0.2856770833333333,1,0,0,1,0,1
unknown,0.19382492384879907,0.19382492384879907,0.03333333333333333,0.5452471394869468,0.5452471394869468,0.0,0.48961831664054367,0.48961831664054367,0.44202076591769934,0.44202076591769934,0.4357450142387044,0.4357450142387044,0.221875,0.29583333333333334,1,0,0,0,0,1
unknown,0.2924135591032203,0.1507800129779394,0.26666666666666666,0.5316533296684203,0.2666995408625142,0.03333333333333333,0.48571503011215367,0.31012999289314563,0.4480138248352189,0.28231051984038297,0.49459824319795265,0.36206239960384706,0.21862980769230766,0.2915064102564102,1,0,0,1,0,1
unknown,0.1772147060078221,0.16943337620387217,0.06666666666666667,0.28039862548317385,0.27771262756203496,0.03333333333333333,0.3382495020046693,0.3347892703637272,0.39040333150805356,0.3898890409685122,0.6410511178306765,0.6342953681064444,0.1765625,0.23541666666666666,0,0,0,0,0,1
unknown,0.16309137675765287,0.16309137675765287,0.03333333333333333,0.3163470874052385,0.3163470874052385,0.0,0.38079425181038384,0.38079425181038384,0.597514293474404,0.597514293474404,0.9078257763600919,0.9078257763600919,0.159375,0.2125,1,0,0,1,0,1
unknown,0.052239701977286716,0.04139184367318453,0.1,0.20637817108212886,0.20097492158374003,0.1,0.2625951768596024,0.22807253712528935,0.3402513874063646,0.3266924302808349,999.0,999.0,0.178125,0.23749999999999996,0,0,1,1,0,1
unknown,0.004093375172911938,0.0,0.13333333333333333,0.2217831918369069,0.21584907674126516,0.13333333333333333,0.26792663278812834,0.2602321514127152,0.3262893216012416,0.31713057877868905,999.0,999.0,0.178125,0.2375,0,0,0,0,0,1
unknown,0.03643702676042051,0.026247332964206564,0.06666666666666667,0.2148535095584465,0.2139954894857111,0.06666666666666667,0.30968824068795087,0.3032996415009345,0.3641973124441978,0.35594581015683946,999.0,999.0,0.178125,0.2375,0,0,1,1,0,1
unknown,0.022262170007079564,0.0,0.8333333333333334,0.24761418933583798,0.13342683160125515,0.5,0.10026682938866138,0.0,0.059852840302457376,0.0,999.0,999.0,0.16849999999999998,0.22466666666666665,0,0,1,1,1,1
unknown,0.028491772877498232,0.0,0.13333333333333333,0.07661026802523603,0.03968030419406726,0.13333333333333333,0.0,0.0,0.230681940215878,0.20184442090657792,999.0,999.0,0.14609375,0.1947916666666667,0,0,1,1,0,1
unknown,0.0840110882630074,0.049368106646387376,0.06666666666666667,0.041064446061707685,0.032512005611561735,0.06666666666666667,0.0,0.0,0.27710474586384415,0.2658970645697794,999.0,999.0,0.1453125,0.19375,0,0,0,0,0,1
unknown,0.030341740223932306,0.030341740223932306,0.03333333333333333,0.03536241721555111,0.03536241721555111,0.03333333333333333,0.0,0.0,0.22729633472185193,0.22729633472185193,999.0,999.0,0.159375,0.2125,0,0,1,1,0,1
unknown,0.04003565880201559,0.0,1.2,0.4765968658672807,0.11909372121016495,0.06666666666666667,0.2999113329080489,0.0,0.004969567299753504,0.0,999.0,999.0,0.17048611111111114,0.22731481481481483,0,0,1,1,1,1
unknown,0.0,0.0,0.3,0.3084019288115663,0.26654045338176413,0.03333333333333333,0.1616723500043444,0.12229414214042263,0.003141160449924266,0.0,999.0,999.0,0.16041666666666668,0.21388888888888888,0,0,1,1,0,1
unknown,0.025539822790471317,0.0,0.23333333333333334,0.0,0.0,0.23333333333333334,0.0,0.0,0.22133327078369613,0.17111061752061424,571.0338026463701,0.40335815337020087,0.171875,0.22916666666666669,0,1,1,1,1,1
unknown,0.04177821598272033,0.01979963499952199,0.1,0.0,0.0,0.1,0.0,0.0,0.1918857216280582,0.15328985575489318,333.2551615830459,0.37410274877607835,0.16979166666666667,0.2263888888888889,0,0,1,1,1,1
unknown,0.0,0.0,0.06666666666666667,0.32678767310366635,0.3240372432968151,0.0,0.20011806696129603,0.19925876964820852,0.08923928545984793,0.087723515540762,999.0,999.0,0.146875,0.19583333333333333,0,0,1,1,0,1
unknown,0.006439164602750891,0.0,0.6333333333333333,0.36433030217135415,0.3360512860381998,0.0,0.21793869378190706,0.19178103457743098,0.0,0.0,999.0,999.0,0.19111842105263158,0.25482456140350884,0,1,0,0,1,1
unknown,0.010282354488252824,0.0,1.1666666666666667,0.46759323872525016,0.3614790498972126,0.0,0.3022111809392702,0.25075463605935416,0.0,0.0,999.0,999.0,0.14374999999999996,0.19166666666666665,0,1,1,1,1,1
unknown,0.566704982851418,0.566704982851418,0.0,0.5966224201575023,0.5966224201575023,0.0,0.35594467069681474,0.35594467069681474,0.3358283171546852,0.3358283171546852,999.0,999.0,0.171875,0.22916666666666666,0,0,1,1,1,1
unknown,0.0,0.0,0.03333333333333333,0.03174452814196768,0.03174452814196768,0.03333333333333333,0.0,0.0,0.21753934551381332,0.21753934551381332,999.0,999.0,0.171875,0.22916666666666666,0,1,1,1,0,1
unknown,0.2600001914403576,0.23006548133929564,0.06666666666666667,0.5368812919145611,0.5308845713623218,0.0,0.29506869118897333,0.29371867772062243,0.3140949694657591,0.30641652428270577,999.0,999.0,0.171875,0.22916666666666666,0,0,1,1,1,1
unknown,0.0,0.0,0.03333333333333333,0.2592469163489016,0.2592469163489016,0.03333333333333333,0.12256509824253262,0.12256509824253262,0.04532125512223067,0.04532125512223067,999.0,999.0,0.14375,0.19166666666666668,0,1,0,0,1,1
unknown,0.0,0.0,0.36666666666666664,0.2845370047056127,0.26317652708322914,0.16666666666666666,0.151950943424267,0.14159790356277235,0.0005416244668340645,0.0,999.0,999.0,0.15056818181818182,0.20075757575757577,0,1,1,1,1,1
unknown,0.0,0.0,0.03333333333333333,0.2818595880631661,0.2818595880631661,0.0,0.14247805623703358,0.14247805623703358,0.011154191780709755,0.011154191780709755,999.0,999.0,0.14375,0.19166666666666668,0,1,0,0,1,1
unknown,0.0,0.0,0.03333333333333333,0.29671212571675104,0.29671212571675104,0.0,0.16994210996889889,0.16994210996889889,0.0,0.0,999.0,999.0,0.14375,0.19166666666666668,0,1,1,1,1,1
unknown,0.0,0.0,0.03333333333333333,0.31250485197814265,0.31250485197814265,0.0,0.18311159526603443,0.18311159526603443,0.0,0.0,999.0,999.0,0.14375,0.19166666666666668,0,1,1,0,1,1
unknown,0.0,0.0,0.06666666666666667,0.2552856715161441,0.23487612518746653,0.06666666666666667,0.12349792889181116,0.1031759469413,0.028868327419371825,0.006357312239027844,999.0,999.0,0.1453125,0.19375,0,1,0,0,1,1
unknown,0.0,0.0,0.03333333333333333,0.21631021801684389,0.21631021801684389,0.03333333333333333,0.06920250664305912,0.06920250664305912,0.05547718459047792,0.05547718459047792,999.0,999.0,0.15,0.2,0,1,1,1,1,1
unknown,0.3576581290014238,0.31240840466630504,0.03333333333333333,0.5013348375718043,0.4776020592903502,0.0,0.2795516673996401,0.267135348576664,0.29339957977486675,0.29320137538959634,999.0,999.0,0.171875,0.22916666666666666,0,0,1,1,1,1
unknown,0.0,0.0,0.3333333333333333,0.3518983064983296,0.30780955465401183,0.0,0.20460970618481542,0.18178979754943567,0.0,0.0,999.0,999.0,0.19687499999999997,0.26250000000000007,0,1,1,1,1,1
unknown,0.0923867529999199,0.06770301960882304,0.23333333333333334,0.30874890274535216,0.29215507579110817,0.0,0.1110804577448821,0.09729409886447545,0.14208820425896046,0.12952965536675756,999.0,999.0,0.171875,0.22916666666666669,0,0,1,1,1,1
unknown,0.004298834179918012,0.0,1.2333333333333334,0.38153436309761324,0.28719063947068507,0.0,0.20788514527660396,0.1562401705480133,0.0,0.0,999.0,999.0,0.19712837837837843,0.26283783783783776,0,1,1,1,1,1
unknown,0.0,0.0,0.4,0.3054058743394641,0.2777291853176228,0.03333333333333333,0.21327886213486866,0.1549068650562166,0.023008239426160166,0.0,999.0,999.0,0.12421874999999999,0.16562500000000002,0,1,0,0,1,1
unknown,0.0,0.0,0.03333333333333333,0.48004481711122193,0.48004481711122193,0.0,0.3729285522638846,0.3729285522638846,0.0,0.0,999.0,999.0,0.109375,0.14583333333333334,0,0,0,0,1,1
unknown,0.0,0.0,0.4,0.35830031217979036,0.2914569655916171,0.0,0.22432873824173694,0.18199793570881162,0.0,0.0,999.0,999.0,0.18437500000000004,0.24583333333333326,0,1,0,0,1,1
unknown,0.0,0.0,0.03333333333333333,0.3355785818445966,0.3355785818445966,0.0,0.2290495479548516,0.2290495479548516,0.0,0.0,999.0,999.0,0.18125,0.24166666666666667,0,1,1,1,1,1
unknown,0.0,0.0,0.16666666666666666,0.38847507062790765,0.32023744962257433,0.0,0.30129890321649394,0.23007669850260482,0.006889453165966832,0.0,0.029559876412216544,0.0,0.14375,0.19166666666666668,0,0,1,1,1,1
unknown,0.01156940913615539,0.0,0.1,0.6407312527306406,0.6275765459313775,0.0,0.529748127201613,0.5218012900455471,0.05818457351733993,0.05355279134934027,0.016139098796842364,0.004300663104789216,0.15625,0.20833333333333334,0,0,0,1,1,1
unknown,0.17241593827613497,0.010288223086492711,0.3333333333333333,0.5167565129087139,0.4444612752940474,0.0,0.42636493411367404,0.303254933115149,0.05371289991147477,0.012529190274814486,142.7861121941372,0.012434803208129818,0.15602678571428572,0.20803571428571427,0,0,1,1,1,1
unknown,0.04738025522079194,0.0,0.23333333333333334,0.4813245361203733,0.37800020568650133,0.0,0.3870959089032821,0.29199138965346355,0.08840897811269022,0.0,0.00774411460537585,0.0,0.13839285714285715,0.18452380952380953,0,0,0,1,1,1
unknown,0.1798471971699102,0.0,0.36666666666666664,0.47014932497028433,0.2353408200433627,0.06666666666666667,0.35882957827828854,0.1562919221215563,0.30210293917951275,0.20103598793739902,0.30303035171738424,0.0,0.1209821428571429,0.16130952380952385,0,0,1,1,1,1
unknown,0.05265318898619013,0.0,0.7333333333333333,0.5959358459166222,0.38163495070207265,0.0,0.4853541964767251,0.33814926799225126,0.05159298063975155,0.0,0.025176966843223358,0.0,0.18437500000000007,0.24583333333333338,0,0,0,1,1,1
unknown,0.08071148948597931,0.0,0.13333333333333333,0.3972764940323682,0.3422254967256453,0.0,0.3282763450476323,0.2554190502152897,0.24917698102225003,0.238571642681814,0.29360555404432465,0.26870503056257433,0.14375,0.19166666666666668,0,0,1,1,1,1
unknown,0.13291323080678408,0.12438666661814106,0.13333333333333333,0.5011856406792029,0.447338019027668,0.0,0.3420846865548725,0.30715934904552056,0.21643314683066558,0.20487777825033782,499.6415181959437,0.2768111292527392,0.146875,0.19583333333333333,0,0,0,1,1,1
unknown,0.11603560094612686,0.0,0.16666666666666666,0.5025634668043821,0.4417493937413666,0.0,0.35983761610578685,0.31241742935729155,0.23806673314886956,0.22291689810273635,0.29116976836185265,0.25643985777226264,0.146875,0.19583333333333333,0,0,1,1,1,1
unknown,0.15997881769006064,0.0,1.9,0.22241496819653883,0.0,1.6666666666666667,0.32109695228979385,0.09374673494936916,0.5200370132306267,0.009147820115250442,0.4612819380209649,0.0,0.15799632352941173,0.21066176470588238,1,0,0,1,1,1
unknown,0.17897631698955466,0.039170284014979184,0.23333333333333334,0.09349861269227301,0.0,0.3,0.2132629942583746,0.0,0.6275340505005457,0.36700666832683104,444.5230776883479,0.8905460501751495,0.15034722222222222,0.20046296296296295,0,0,0,0,0,1
unknown,0.09951805869258656,0.0640895447844191,0.06666666666666667,0.09137634039155243,0.08869136727365284,0.06666666666666667,0.2316046146933647,0.21002874207919991,0.6686600284504995,0.649716077939492,0.9890255500695763,0.9728469465657918,0.1375,0.18333333333333332,0,0,0,0,0,1
unknown,0.1624927895385408,0.08491777360760609,0.16666666666666666,0.2199535881013172,0.0760441187876857,0.13333333333333333,0.2666664247046014,0.10877283627350648,0.3556469231488958,0.22356378268413876,200.29848880223796,0.5054578646389866,0.128125,0.17083333333333334,0,0,0,0,0,1
unknown,0.13112899767303154,0.0,0.6333333333333333,0.1935936635690358,0.054413628570938365,0.2,0.26701553403601064,0.04226461842755312,0.42205649553595703,0.221287180850765,100.52248941019575,0.5130637069005362,0.12203124999999997,0.16270833333333332,0,0,0,0,0,1
unknown,0.19250007942330918,0.0245991352884089,0.1,0.13544779796537307,0.053154191934939934,0.1,0.2514083652543246,0.19245638136111,0.647655949019283,0.6058606541714127,250.44433582862428,0.9207523334613918,0.1125,0.15,0,0,0,0,0,1
unknown,0.2718529234772826,0.12372431322109805,0.13333333333333333,0.700117949104426,0.6460447958295898,0.0,0.5273957159131669,0.4908248327934157,0.17950017410898167,0.027857999302248065,272.5560086799741,0.0,0.12812500000000002,0.17083333333333336,0,0,1,1,1,1
unknown,0.45961973178678844,0.020439084609634325,0.23333333333333334,0.5786145794753398,0.2569034325524178,0.03333333333333333,0.6398686430691711,0.38702285458506597,0.9997112336386891,0.795231201985036,333.8414906060357,1.1096807675901403,0.11516203703703702,0.15354938271604937,0,0,0,0,0,1
unknown,0.16239159545749085,0.13101078482220532,0.23333333333333334,0.7975482053927366,0.7840612319539451,0.0,0.5788673518873173,0.5634964354525093,0.3024959796743283,0.2521321812175746,713.6636327754974,0.3201050950956468,0.19687499999999997,0.2625,0,0,1,1,1,1
unknown,0.18240916704317828,0.18240916704317828,0.03333333333333333,0.7800437201351729,0.7800437201351729,0.0,0.5780664794095102,0.5780664794095102,0.3501040452000145,0.3501040452000145,999.0,999.0,0.196875,0.2625,1,0,1,1,1,1
unknown,0.28398195348794236,0.0,0.8666666666666667,0.8028069984726459,0.2869447560730196,0.0,0.6065954684184361,0.20135220573033313,0.3501013069579652,0.0,870.448895866291,0.0,0.19399752475247523,0.25866336633663367,0,0,1,1,1,1
unknown,0.0,0.0,0.1,0.40741144954878683,0.366335934704927,0.0,0.28872222871158876,0.22945715309784107,0.0,0.0,333.0675020704465,0.0797339600358141,0.15312499999999998,0.2041666666666667,0,0,0,1,1,1
unknown,0.0,0.0,0.06666666666666667,0.38606609999257213,0.3749122389471181,0.0,0.2820596947464299,0.24546331841640193,0.0,0.0,499.5707319212476,0.1414638424952045,0.15,0.2,0,0,1,1,1,1
unknown,0.04855747932783139,0.0,0.3,0.34721700568479746,0.2598100842082242,0.03333333333333333,0.20844454384649838,0.13971726890697764,0.06769804069876222,0.0,333.16987277780794,0.20405978346266887,0.14861111111111114,0.19814814814814813,0,0,0,1,1,1
unknown,0.0,0.0,0.16666666666666666,0.3995089066871721,0.38713869942635215,0.0,0.2702256129241335,0.2638909116919357,0.0,0.0,799.2380406176287,0.19020308814389925,0.15625,0.20833333333333334,0,0,1,1,0,1
unknown,2.1032420485181325,1.4274869185210892,0.0,2.1531804057243247,1.5671663419298056,0.0,1.9980804384572715,1.433861837731801,1.7349798500339253,1.2576925717805376,1.7553946821040987,1.3269604340090344,0.125,0.16666666666666666,0,0,1,1,1,1
unknown,0.17561310126239152,0.14243901519968724,0.06666666666666667,0.2661382217933642,0.2652754112262736,0.06666666666666667,0.15874083503722772,0.15333847677980678,0.0,0.0,0.0,0.0,0.109375,0.14583333333333334,0,0,0,0,1,1
unknown,0.09279621525724595,0.0,1.0,0.4784301942760963,0.2732615106133745,0.03333333333333333,0.37376788640323483,0.26124874235073914,0.1708907972659027,0.0,142.88509821722087,0.07714759621672394,0.1419642857142857,0.18928571428571428,0,0,1,1,1,1
unknown,0.4229838230580285,0.0,0.16666666666666666,0.7573843076672818,0.5765651860243923,0.0,0.5567552631541579,0.398926621853858,0.22548847250673712,0.06751227089839638,157.97631148485448,0.09586457758574878,0.12483552631578948,0.1664473684210526,1,0,1,1,1,1
unknown,0.1849398048753844,0.011790413385368431,0.5666666666666667,0.3335873394038299,0.23944504456554208,0.1,0.24172301937671006,0.180072145054797,0.16095554671322573,0.11838695073504629,999.0,999.0,0.14046875000000006,0.18729166666666663,1,0,0,1,0,1
unknown,0.12483077378638098,0.12483077378638098,0.03333333333333333,0.26841732729908163,0.26841732729908163,0.03333333333333333,0.2977387981502744,0.2977387981502744,0.4034377258637725,0.4034377258637725,999.0,999.0,0.15,0.2,0,0,0,0,0,1
unknown,0.44501809154510213,0.44501809154510213,0.0,0.8313714113560766,0.8313714113560766,0.0,0.7411120494087304,0.7411120494087304,0.7292036038913351,0.7292036038913351,999.0,999.0,0.234375,0.3125,0,0,1,1,0,1
unknown,0.02671686691414179,0.02534874675238672,0.06666666666666667,0.3126401242550211,0.31233109995957814,0.0,0.3171632671851135,0.3118376331795969,0.7126962383277144,0.701641590105966,999.0,999.0,0.16875,0.225,0,0,0,0,0,1
unknown,0.19321127424620813,0.008624305324562096,0.3,0.33953292284790404,0.3004802708333135,0.0,0.32415181125204456,0.23257965566075872,0.27810479724039644,0.2395931174125788,999.0,999.0,0.2236111111111111,0.29814814814814816,1,0,0,1,0,1
unknown,0.07666568965651599,0.07666568965651599,0.03333333333333333,0.3360561621711801,0.3360561621711801,0.0,0.27361635384849486,0.27361635384849486,0.25000805167774554,0.25000805167774554,999.0,999.0,0.221875,0.29583333333333334,0,0,0,0,0,1
unknown,0.07995020950059094,0.0,0.5,0.31713850675567945,0.0,0.03333333333333333,0.17702279341007154,0.0,0.12155743863696775,0.0,732.6973858233871,0.10236991572046066,0.20124999999999998,0.2683333333333333,1,0,0,1,0,1
unknown,0.39943285945613977,0.200302988224318,0.13333333333333333,0.38156804031900365,0.34265338130147194,0.0,0.4411685775966912,0.34200961568226285,0.7426094401388205,0.7171900228526319,999.0,999.0,0.14375000000000002,0.19166666666666665,0,0,0,0,0,1
unknown,0.3977287131676222,0.3977287131676222,0.0,0.4112071302340622,0.4112071302340622,0.0,0.45878943306900105,0.45878943306900105,0.7195898597405166,0.7195898597405166,1.073727849322444,1.073727849322444,0.14375,0.19166666666666668,1,0,0,1,0,1
unknown,0.4029578866941512,0.10411202844485666,0.06666666666666667,0.3822216972650806,0.23472980307052857,0.1,0.41821344754099987,0.21008979886209225,0.6609537449106335,0.2876445728207019,125.64946995798717,0.5502080099004178,0.149609375,0.19947916666666665,0,0,0,0,0,1
unknown,0.0,0.0,0.3333333333333333,0.25341163051854193,0.23604901247506643,0.3333333333333333,0.12193649513022517,0.1048011700589743,0.024612795131708377,0.010993853443783732,999.0,999.0,0.165,0.21999999999999997,0,1,1,1,1,1
unknown,0.10793403020453324,0.10793403020453324,0.03333333333333333,0.403871771908835,0.403871771908835,0.0,0.12484264337444251,0.12484264337444251,0.15567986285700786,0.15567986285700786,999.0,999.0,0.203125,0.2708333333333333,0,0,1,1,1,1
unknown,0.009271017373602503,0.0,0.8,0.2910274484268098,0.17028159419931282,0.13333333333333333,0.1411148372158331,0.015421299258082534,0.035527091650264506,0.0,999.0,999.0,0.15872395833333333,0.21163194444444444,0,1,1,1,1,1
unknown,0.33194400447156,0.12045465350049178,0.06666666666666667,0.6716956683282219,0.5436445242503091,0.0,0.4621085812035969,0.3431991284680259,0.42061687672056713,0.2840443148923934,999.0,999.0,0.153125,0.20416666666666666,0,1,0,0,1,1
unknown,0.0,0.0,0.5,0.005307469719371359,0.0,0.5,0.0,0.0,0.07709427220363256,0.04815689339434835,0.28803508305961656,0.2561790116515013,0.14854166666666666,0.1980555555555556,0,1,1,1,1,1
unknown,0.016666165484886537,0.0,0.2,0.13928374597660728,0.13096412059772397,0.2,0.038574191695849504,0.03148144269377713,0.0,0.0,0.15748389745321437,0.14671875834394282,0.146875,0.19583333333333333,0,1,0,0,1,1
unknown,0.21156127909859532,0.0,0.16666666666666666,0.36950220180142135,0.19544472247403213,0.06666666666666667,0.2174909529434939,0.05107988382517516,0.1784202466172824,0.0571470891567608,0.25637951289307825,0.14470030412384421,0.121875,0.1625,0,0,1,1,1,1
unknown,0.16156480774902307,0.0,0.43333333333333335,0.4193618276323828,0.12442980133997032,0.06666666666666667,0.24883516396610106,0.0,0.17689999261773282,0.0,214.22681830997502,0.0,0.14397321428571427,0.19196428571428573,0,0,0,1,1,1
unknown,0.19696012580599254,0.10289768868790634,0.23333333333333334,0.3911639474278877,0.2528286075111307,0.03333333333333333,0.25338236014534987,0.1056068867355511,0.22082569039667146,0.10320439173138223,0.27309395583670865,0.21924166777865692,0.140625,0.1875,0,0,1,1,1,1
unknown,0.06852356445139009,0.0,0.1,0.47660343866838484,0.23013570532428793,0.03333333333333333,0.35166023299921284,0.11929862412360091,0.0337228178538359,0.0,499.52027291298026,0.0,0.1473958333333333,0.19652777777777775,0,0,0,1,1,1
unknown,0.2577849396767484,0.0,0.13333333333333333,0.4050590490717925,0.312942628493685,0.0,0.19321846755905006,0.06793285377252221,0.1940061387852282,0.09506760428147046,666.1976025507579,0.4923386585350604,0.196875,0.2625,1,0,1,1,1,1
unknown,0.09610475138447216,0.028826647883858244,0.06666666666666667,0.2932311654560791,0.2547633370592861,0.03333333333333333,0.07730037011072464,0.06076996550029995,0.09414721127708164,0.07907092978235088,499.6018136235903,0.20362724718059622,0.228125,0.30416666666666664,1,0,0,1,1,1
unknown,0.0,0.0,0.03333333333333333,0.2407611922214978,0.2407611922214978,0.03333333333333333,0.09609880751683865,0.09609880751683865,0.0,0.0,999.0,999.0,0.228125,0.30416666666666664,1,0,1,1,1,1
unknown,0.07077248989863746,0.056144703639785375,0.06666666666666667,0.10560019118221595,0.09659249148848432,0.06666666666666667,0.0,0.0,0.142132804366434,0.13727877130711863,999.0,999.0,0.2078125,0.27708333333333335,1,0,0,1,1,1
unknown,0.0,0.0,0.1,0.24866454150747966,0.23335765457745716,0.1,0.08080827723776797,0.07054629727912819,0.0,0.0,999.0,999.0,0.2197916666666667,0.29305555555555557,1,0,1,1,1,1
unknown,0.11574815775723835,0.11574815775723835,0.03333333333333333,0.14317644992162587,0.14317644992162587,0.03333333333333333,0.0647288434859377,0.0647288434859377,0.12794533628812857,0.12794533628812857,999.0,999.0,0.184375,0.24583333333333332,1,0,0,1,1,1
unknown,0.0,0.0,0.03333333333333333,0.18302640610985532,0.18302640610985532,0.03333333333333333,0.0746255304668342,0.0746255304668342,0.010960071673893807,0.010960071673893807,999.0,999.0,0.21875,0.2916666666666667,1,0,1,1,1,1
unknown,0.32678527245037925,0.20617750542385138,0.03333333333333333,0.6242497422824458,0.581988098355771,0.0,0.4610836431540579,0.4270816634590074,0.48280256778561825,0.4214952244683496,999.0,999.0,0.1671875,0.22291666666666665,0,0,1,1,1,1
unknown,0.15107915654305942,0.06692351379146265,0.3333333333333333,0.2543159417817825,0.208510777165078,0.3333333333333333,0.33490705179046193,0.28114905405349444,0.5560491155611412,0.33241238653071753,0.8379488512079997,0.5659119948939566,0.15208333333333335,0.2027777777777778,0,0,0,0,0,1
unknown,0.0019151393555365593,0.0019151393555365593,0.03333333333333333,0.20023737415332613,0.20023737415332613,0.03333333333333333,0.19936785563521425,0.19936785563521425,0.21338842685654402,0.21338842685654402,0.39154506480183515,0.39154506480183515,0.1375,0.18333333333333332,0,0,0,0,0,1
unknown,0.17442712163529334,0.13281133328080552,0.16666666666666666,0.2623137550436295,0.23718432165158898,0.13333333333333333,0.2105127778648225,0.18815725299371439,0.18325558714185036,0.16525507159376454,200.09048782330183,0.3291819120645431,0.1375,0.18333333333333332,0,0,0,0,0,1
unknown,0.3916166705250063,0.20405758759424344,0.06666666666666667,0.5942678920644904,0.5605048649265216,0.0,0.5657999240344067,0.5280926370796354,0.47903283104833233,0.45906436079787294,214.46223307096218,0.4589697581858846,0.20000000000000004,0.26666666666666666,1,0,0,1,0,1
unknown,0.018437070322408964,0.0,0.16666666666666666,0.5557650926407416,0.5078142821774417,0.0,0.42405027804969303,0.3952499954051918,0.0,0.0,999.0,999.0,0.2125,0.2833333333333333,0,1,0,0,1,1
unknown,0.0031424000129942147,0.0,0.4,0.31067703327391355,0.25907256975745613,0.06666666666666667,0.1897736957165641,0.14417623403986116,0.0,0.0,999.0,999.0,0.18437500000000004,0.24583333333333326,0,0,1,1,1,1
unknown,0.0,0.0,0.2,0.33357010749641147,0.2961825150602374,0.0,0.18376578976705307,0.15426026967940082,0.0,0.0,999.0,999.0,0.16874999999999998,0.225,1,0,1,1,1,1
unknown,0.0,0.0,0.03333333333333333,0.3409921127809406,0.3409921127809406,0.0,0.22253067072045024,0.22253067072045024,0.0,0.0,999.0,999.0,0.16875,0.225,1,0,0,1,1,1
unknown,0.0,0.0,0.03333333333333333,0.3538116379284795,0.3538116379284795,0.0,0.22705150217701564,0.22705150217701564,0.0,0.0,999.0,999.0,0.16875,0.225,1,0,0,0,1,1
unknown,0.0,0.0,0.06666666666666667,0.34623314055142246,0.34558630484768765,0.0,0.21941247355053767,0.21835300359784274,0.0,0.0,999.0,999.0,0.16875,0.225,1,0,0,1,1,1
unknown,0.0,0.0,0.03333333333333333,0.35449698335832946,0.35449698335832946,0.0,0.2399878252699417,0.2399878252699417,0.0,0.0,999.0,999.0,0.16875,0.225,1,0,0,0,1,1
unknown,0.0,0.0,0.1,0.3488027895200754,0.3482820245351625,0.0,0.21870250270506045,0.212741909023657,0.0,0.0,999.0,999.0,0.16875000000000004,0.225,1,0,0,1,1,1
unknown,0.0,0.0,0.03333333333333333,0.35146719284037026,0.35146719284037026,0.0,0.21705833447385128,0.21705833447385128,0.0,0.0,999.0,999.0,0.16875,0.225,1,0,0,0,1,1
unknown,0.0355538789099112,0.02111282628564517,0.06666666666666667,0.25283405231392664,0.24580039872451184,0.06666666666666667,0.12428381268407801,0.11198519128189917,0.013916855037783326,0.0,999.0,999.0,0.1421875,0.18958333333333333,1,0,1,1,1,1
unknown,0.0,0.0,0.03333333333333333,0.33791335140100803,0.33791335140100803,0.0,0.19837315468443997,0.19837315468443997,0.0,0.0,0.20948712994555804,0.20948712994555804,0.16875,0.225,1,0,1,0,1,1
unknown,0.0,0.0,0.06666666666666667,0.33238458591774267,0.324945706874731,0.0,0.17544347930491144,0.1719809739481045,0.0,0.0,999.0,999.0,0.16875,0.225,1,0,1,1,1,1
unknown,0.018258149578976497,0.00851912400560644,0.06666666666666667,0.3249014133130458,0.31117498463759796,0.0,0.17196132039645762,0.15681972728952198,0.0,0.0,999.0,999.0,0.16875,0.225,1,0,0,1,1,1
unknown,0.0040323134567727785,0.0,0.43333333333333335,0.18446738543959176,0.1602239556875715,0.43333333333333335,0.05367535787428008,0.0299091960841387,0.029514115061601474,0.005254764646669704,768.5470666044914,0.3552702084147858,0.16322115384615385,0.21762820512820513,0,0,1,1,1,1
unknown,0.07432591202786817,0.07432591202786817,0.03333333333333333,0.27793039904154876,0.27793039904154876,0.03333333333333333,0.14913774133398192,0.14913774133398192,0.0,0.0,0.30933035811948983,0.30933035811948983,0.159375,0.2125,1,0,1,1,1,1
unknown,0.04317734740092041,0.04317734740092041,0.03333333333333333,0.3423057405296872,0.3423057405296872,0.0,0.20883785965985158,0.20883785965985158,0.0,0.0,999.0,999.0,0.159375,0.2125,1,0,0,1,1,1
unknown,0.004763802432903297,0.0,1.4333333333333333,0.32381647854769186,0.18115231980444155,0.13333333333333333,0.19100416634444775,0.10400384502885282,0.0,0.0,789.95294120401,0.204799356947575,0.16824127906976744,0.2243217054263566,1,0,1,1,1,1
unknown,0.0,0.0,0.03333333333333333,0.4642016025393894,0.4642016025393894,0.0,0.2657997981908486,0.2657997981908486,0.05467938253979215,0.05467938253979215,0.32137267049995827,0.32137267049995827,0.1375,0.18333333333333332,0,0,1,1,1,1
unknown,0.0,0.0,0.03333333333333333,0.3421058916346225,0.3421058916346225,0.0,0.173521342974673,0.173521342974673,0.0,0.0,999.0,999.0,0.16875,0.225,1,0,1,1,1,1
unknown,0.0,0.0,0.03333333333333333,0.44094762813174865,0.44094762813174865,0.0,0.25150348946389317,0.25150348946389317,0.05374756720204004,0.05374756720204004,0.3442276973660845,0.3442276973660845,0.128125,0.17083333333333334,0,0,1,1,1,1
unknown,0.0,0.0,0.13333333333333333,0.3317582861399507,0.3051250559153848,0.0,0.20569846347496865,0.18616731076823878,0.0,0.0,999.0,999.0,0.16875,0.225,1,0,1,1,1,1
unknown,0.0,0.0,0.3,0.3416487560945916,0.2719045393477306,0.03333333333333333,0.2812512253454657,0.24144963588599827,0.004216632062965405,0.0,222.1646345692118,0.17255551522318355,0.16944444444444445,0.22592592592592592,0,1,1,1,1,1
unknown,0.03018303938251474,0.0,0.6,0.41446776301356275,0.34444137833053295,0.0,0.2859593814379229,0.25008045158576003,0.0,0.0,610.5583064650233,0.09361635054339347,0.15937499999999996,0.2125,0,0,1,1,1,1
unknown,0.4349381876677822,0.035034029972851724,0.06666666666666667,0.6674385822209112,0.4462817925167549,0.0,0.5487121872221391,0.2606392723384706,0.5080870009620543,0.28454206607528926,666.2049776336441,0.5861460934817948,0.1746527777777778,0.23287037037037037,1,0,1,1,1,1
unknown,0.09657209333929676,0.04118904262915147,0.6333333333333333,0.6035073145300481,0.47297568708175663,0.0,0.48155502271221345,0.3886395451983522,0.0,0.0,893.8424591696034,0.0,0.13750000000000004,0.1833333333333333,0,1,0,0,1,1
unknown,0.0,0.0,0.03333333333333333,0.26299448209827997,0.26299448209827997,0.03333333333333333,0.1552747893305602,0.1552747893305602,0.013987943006187184,0.013987943006187184,999.0,999.0,0.1375,0.18333333333333332,0,1,1,1,1,1
unknown,0.0,0.0,0.06666666666666667,0.2512460951723083,0.22923730784592497,0.06666666666666667,0.14450454308617988,0.13933667444332246,0.0,0.0,999.0,999.0,0.18125,0.24166666666666667,0,0,1,1,1,1
unknown,0.0,0.0,0.9,0.31243796209306796,0.26044750938012173,0.1,0.22265138335292278,0.15605291452767325,0.00298918592910043,0.0,777.0427978425994,0.1500326406756845,0.1783564814814815,0.23780864197530865,0,1,1,1,1,1
unknown,0.22083770765841065,0.22083770765841065,0.03333333333333333,0.63044681134611,0.63044681134611,0.0,0.4494261734306322,0.4494261734306322,0.39351015369087905,0.39351015369087905,999.0,999.0,0.15,0.2,0,0,1,1,1,1
unknown,0.005591066999671482,0.0,1.5,0.38668011616061243,0.32003348298641027,0.0,0.2598935827914971,0.2084359993751858,0.008321674429369277,0.0,888.017944974909,0.10870205917515105,0.19604166666666673,0.2613888888888888,0,1,1,1,1,1
unknown,0.021314739053672743,0.0,0.2,0.16603408742274428,0.07605929557696012,0.2,0.24155604218082805,0.1609475643716001,0.2104526965615576,0.1623745162799874,0.07335812942675332,0.0,0.15364583333333334,0.20486111111111116,0,0,0,1,1,1
unknown,0.0,0.0,0.03333333333333333,0.16539583133643046,0.16539583133643046,0.03333333333333333,0.06095860902009015,0.06095860902009015,0.08919377480641665,0.08919377480641665,0.2806114998883096,0.2806114998883096,0.103125,0.1375,0,0,1,0,0,0
unknown,0.21356790903400738,0.011414313019675201,0.4666666666666667,0.4630314428328685,0.3397764773192274,0.0,0.3416785982535773,0.2319841046202643,0.21757058328049633,0.1864180171291647,0.212571086729086,0.17424156181348566,0.12769886363636362,0.17026515151515148,0,0,1,1,1,1
unknown,0.050011087961635586,0.0,0.1,0.37212949585671234,0.36260116801088355,0.0,0.260761740692451,0.24027366888118723,0.0,0.0,0.0,0.0,0.178125,0.23749999999999996,0,0,0,1,1,1
unknown,0.15923703413888968,0.15923703413888968,0.03333333333333333,0.38741206182269633,0.38741206182269633,0.0,0.27984798303359565,0.27984798303359565,0.0,0.0,0.0,0.0,0.178125,0.2375,0,0,0,0,1,1
unknown,0.14717002788429784,0.1138844638666664,0.1,0.38805622896243985,0.3760540738257893,0.0,0.2793863177519274,0.2739925573962298,0.0,0.0,0.0,0.0,0.178125,0.23749999999999996,0,0,0,1,1,1
unknown,0.07029107314402902,0.058331356887916345,0.06666666666666667,0.29858137862189027,0.2652757112914611,0.03333333333333333,0.17941040699829935,0.15912967547555457,0.13767557653224738,0.12883190518102214,0.18269929314869096,0.17565532575384935,0.15625,0.20833333333333334,0,0,1,1,1,1
unknown,0.005533472896139537,0.0,0.06666666666666667,0.22937676878328195,0.1711120540222286,0.03333333333333333,0.05247574979190647,0.004769376001157807,0.0,0.0,999.0,999.0,0.265625,0.35416666666666663,1,0,0,0,1,1
unknown,0.0,0.0,0.2,0.5097812895737822,0.36695873840368726,0.0,0.34883165372782887,0.20295174877956795,0.0,0.0,999.0,999.0,0.196875,0.26249999999999996,0,0,0,1,1,1
unknown,0.0,0.0,0.3,0.420042398882557,0.39991958647743886,0.0,0.28109944537499226,0.26893971543705353,0.009376848686645132,0.0,999.0,999.0,0.20833333333333337,0.2777777777777778,0,0,0,1,1,1
unknown,0.17575192414318705,0.1420446285870527,0.2,0.5480664057862518,0.49838480513102024,0.0,0.3444769043389457,0.32853734506228194,0.1962457096104053,0.18285808002538537,499.59170810353277,0.17849060729917704,0.21562499999999998,0.28750000000000003,0,0,0,1,1,1
unknown,0.15556219770331642,0.15556219770331642,0.03333333333333333,0.4378369070308642,0.4378369070308642,0.0,0.3764422435817869,0.3764422435817869,0.29392544918008123,0.29392544918008123,0.36261924064579065,0.36261924064579065,0.15,0.2,0,0,1,1,0,1
unknown,0.0,0.0,0.3,0.4298747301836878,0.41467979705978064,0.0,0.2829601611697339,0.2537307523658229,9.545932862024535e-05,0.0,0.09244261107800247,0.0,0.19722222222222222,0.26296296296296295,0,0,0,1,1,1
unknown,0.01298657092075221,0.007187949583372299,0.06666666666666667,0.309247757797242,0.29174613739515076,0.0,0.17827144546854926,0.16171831287832572,0.0,0.0,0.0,0.0,0.284375,0.37916666666666665,1,0,0,0,1,1
unknown,0.0,0.0,0.06666666666666667,0.26094383892196377,0.2545061462796815,0.06666666666666667,0.15343188900912003,0.14868757705418842,0.0,0.0,499.57657257722497,0.1531451544499142,0.253125,0.3375,1,0,0,0,1,1
unknown,0.18786980355797647,0.18786980355797647,0.03333333333333333,0.4098558363233656,0.4098558363233656,0.0,0.30539253703050934,0.30539253703050934,0.02328651746445258,0.02328651746445258,0.004808907622447686,0.004808907622447686,0.196875,0.2625,0,0,0,0,0,1
unknown,0.03369322735692268,0.0,0.5666666666666667,0.4764782172973259,0.35755176366436786,0.0,0.42069019627161264,0.341058769733139,0.08182679798528628,0.0,0.11959280167627619,0.02980211106041828,0.140625,0.1875,0,0,1,1,1,1
unknown,0.06749081416007556,0.06749081416007556,0.03333333333333333,0.6167632725482167,0.6167632725482167,0.0,0.4964908665046982,0.4964908665046982,0.4192825743228426,0.4192825743228426,0.4799242837971218,0.4799242837971218,0.128125,0.17083333333333334,0,0,0,0,1,1
unknown,0.6068687006600272,0.11857657926546802,0.06666666666666667,0.8954018340306021,0.6733444484180559,0.0,0.7468348928024746,0.5726563908317359,0.6590670109673701,0.5163457666705171,71.9773967428587,0.5442537380161626,0.140625,0.1875,0,0,1,1,1,1
unknown,1.0567539168300584,0.3776084703148957,0.0,1.3016966073132243,0.8386744890488639,0.0,1.104785404469516,0.7292072767766344,0.9364201323363244,0.7222621593026578,0.9712480379941006,0.718865301326524,0.14071969696969697,0.1876262626262626,0,0,1,1,1,1
unknown,0.1705539426955669,0.1383183846667917,0.06666666666666667,0.3398101712314333,0.3350026197251711,0.0,0.3000091883195246,0.29174913618000803,0.2825496939096809,0.2779903306513991,999.0,999.0,0.153125,0.20416666666666666,1,0,0,1,0,1
unknown,0.05325691090527982,0.05325691090527982,0.03333333333333333,0.20349397626083587,0.20349397626083587,0.03333333333333333,0.20851486424720464,0.20851486424720464,0.46098145998967394,0.46098145998967394,999.0,999.0,0.134375,0.17916666666666667,0,0,0,0,0,1
unknown,0.26780172682613174,0.12848051600150362,0.13333333333333333,0.5199690757749438,0.47319852973324505,0.0,0.44676077519902885,0.39494835170351583,0.4073840002113058,0.3911678201913147,999.0,999.0,0.15729166666666666,0.20972222222222223,1,0,0,1,0,1
unknown,0.11024303369100494,0.10261555610935535,0.06666666666666667,0.3448995931805956,0.32294668305835206,0.0,0.35725557216553006,0.3248426991984898,0.5463514900285074,0.4285113053416115,499.9863325075463,0.9726650150926125,0.146875,0.19583333333333333,0,0,0,0,0,1
unknown,0.14422734538714505,0.14422734538714505,0.03333333333333333,0.47041964941823644,0.47041964941823644,0.0,0.5131287884557205,0.5131287884557205,0.8076957696523953,0.8076957696523953,999.0,999.0,0.165625,0.22083333333333333,0,0,0,0,0,1
unknown,0.0,0.0,0.3333333333333333,0.3821794309611367,0.2827222887693945,0.0,0.23562485328931332,0.12426215265417939,0.0,0.0,0.09216231762821883,0.06320769363634637,0.20125,0.26833333333333337,1,0,0,1,0,1
unknown,0.0416030053420705,0.0,0.6333333333333333,0.38443925165171394,0.20341103645011083,0.06666666666666667,0.28519519943397426,0.2022508647232669,0.19070611270408006,0.05640187629460705,0.2522560192901846,0.04051005167651756,0.20476973684210525,0.2730263157894737,1,0,0,1,0,1
unknown,0.0,0.0,0.1,0.3184445445314465,0.21499848403347396,0.03333333333333333,0.15286064592284807,0.06424159542302849,0.01372931923386879,0.0,999.0,999.0,0.1729166666666667,0.23055555555555554,0,0,1,1,1,1
unknown,0.02023981664057586,0.011386006691257616,0.06666666666666667,0.14873147583236032,0.11766225776224024,0.06666666666666667,0.02359247445536052,0.013737058155010728,0.124310942837743,0.11883850018309845,999.0,999.0,0.15,0.2,0,0,1,1,1,1
unknown,0.036500961329876444,0.0026021084070052083,0.13333333333333333,0.08786802154991064,0.04977113726474224,0.13333333333333333,0.007663478464621973,0.0,0.1868881555014091,0.1197273229962855,999.0,999.0,0.15,0.2,0,0,1,1,0,1
unknown,0.0,0.0,0.06666666666666667,0.19853995396530216,0.18965821786893952,0.06666666666666667,0.03794410134248724,0.028283468112963818,0.0,0.0,999.0,999.0,0.209375,0.2791666666666667,0,0,1,1,1,1
unknown,0.0,0.0,1.1,0.35098988123995417,0.2959063509048863,0.0,0.18229223548023257,0.1683907137051738,0.0,0.0,999.0,999.0,0.171875,0.22916666666666666,0,0,1,1,1,1
unknown,0.0,0.0,0.23333333333333334,0.2075506911323823,0.16293268592009566,0.23333333333333334,0.17959125592654535,0.12775673221231243,0.04291622327583143,0.023814244222639707,570.9247657829766,0.1499351203716418,0.15312499999999998,0.20416666666666664,0,1,1,1,1,1
unknown,0.0,0.0,0.1,0.2380001406153935,0.21793140046889997,0.1,0.16397297622410426,0.14307329159175491,0.04057307024040698,0.03213644760375188,333.0939007834456,0.13237247091280538,0.14895833333333333,0.1986111111111111,0,0,1,1,1,1
unknown,0.14714020531568145,0.0,1.7333333333333334,0.4292569334873841,0.3232144639494896,0.0,0.21123028626148962,0.11663727868678074,0.1768477349485955,0.0,999.0,999.0,0.1712002840909091,0.22826704545454543,0,0,1,1,1,1
unknown,0.007008333597728005,0.0,0.23333333333333334,0.43112459326091107,0.39137393753054184,0.0,0.25327734543179675,0.2408080244071972,0.0,0.0,999.0,999.0,0.171875,0.22916666666666669,0,1,1,1,1,1
unknown,0.1828669925000815,0.0,1.2333333333333334,0.49587668500135895,0.3671201946877712,0.0,0.27081987359524623,0.15615307256238414,0.2378125900259734,0.057865338967038764,939.3793702040028,0.03576538881844062,0.16888992537313435,0.22518656716417915,0,0,1,1,1,1
unknown,0.0560731857107643,0.0368844188168221,0.13333333333333333,0.588589180757273,0.4577398565577185,0.0,0.47762434282203314,0.3906944693670733,0.07925760621420479,0.05417361574228956,0.06658213976629508,0.04135819757649084,0.14765625,0.196875,0,0,0,1,1,1
unknown,0.024793950013680725,0.0,0.3333333333333333,0.4802970893458379,0.33809471455260015,0.0,0.39975070960208015,0.28152799598530936,0.05002451158685162,0.0,0.08620914961300877,0.020660746135294533,0.1384375,0.18458333333333332,0,0,1,1,1,1
unknown,0.0,0.0,0.13333333333333333,0.2986385178870475,0.28015176487839216,0.0,0.24500715624053154,0.2307898203994185,0.16590060698556897,0.1569785007854662,499.51300479029675,0.0,0.146875,0.19583333333333333,0,0,0,1,1,1
unknown,0.0,0.0,0.06666666666666667,0.45134496340375685,0.4349215073294213,0.0,0.310315013192549,0.3005036269637497,0.21239748854112767,0.20666441942641062,0.3534058657265021,0.3525139408352499,0.115625,0.15416666666666667,0,0,1,1,1,1
unknown,0.049693800605446176,0.0,0.13333333333333333,0.4747819851735823,0.42216086141155984,0.0,0.3913594685134381,0.35648149360184894,0.05705062831444291,0.0,0.06414562104083311,0.0,0.140625,0.1875,0,0,0,1,1,1
unknown,0.02380330115040381,0.02380330115040381,0.03333333333333333,0.622480381142659,0.622480381142659,0.0,0.496042715100466,0.496042715100466,0.32664264216943034,0.32664264216943034,0.2714725444958677,0.2714725444958677,0.125,0.16666666666666666,0,0,1,1,1,1
unknown,0.0,0.0,0.13333333333333333,0.4859774129650011,0.46879282597498284,0.0,0.4033832144850745,0.38361456853398485,0.020352448219640815,0.0,0.013358315818523982,0.0,0.15859374999999998,0.21145833333333333,0,0,0,1,1,1
unknown,0.15680998937477703,0.0,0.23333333333333334,0.4905705153768893,0.27708156119865807,0.03333333333333333,0.421355348531928,0.2593897832532828,0.12905113276968302,0.0,0.12874726469287023,0.0,0.148125,0.1975,0,0,1,1,1,1
unknown,0.04080149965237626,0.0,1.0,0.385246935031276,0.15479945352345517,0.2,0.2815637744777517,0.08482187032017001,0.01507395457833209,0.0,66.73891828268644,0.0,0.1594791666666667,0.21263888888888893,0,0,0,1,1,1
unknown,0.08691654792748106,0.0,0.16666666666666666,0.6152097765549945,0.5162377071195164,0.0,0.5201207192608285,0.44295366740737735,0.04040183164957095,0.014410086103606667,0.0,0.0,0.184375,0.2458333333333333,0,0,1,1,1,1
unknown,0.17458090523583508,0.06586844920927577,0.5333333333333333,0.19172423801362024,0.04812140180673439,0.43333333333333335,0.29187501918276665,0.205516925794393,0.5273994758374355,0.3486738345186881,0.45413671126218536,0.3388178062328119,0.1376953125,0.18359375,1,0,0,1,1,1
unknown,0.07292020218370938,0.07292020218370938,0.03333333333333333,0.03478731199752144,0.03478731199752144,0.03333333333333333,0.19089342393190517,0.19089342393190517,0.5232433593199275,0.5232433593199275,0.43177205482178255,0.43177205482178255,0.1375,0.18333333333333332,0,0,0,0,1,1
unknown,0.019566967856666912,0.0,0.43333333333333335,0.013060975016611827,0.0,0.43333333333333335,0.10361580532703987,0.027179017343961873,0.40323173394699546,0.2937235267740489,0.321021696043216,0.2683828458396179,0.13437499999999997,0.17916666666666667,1,0,0,1,1,1
unknown,0.0,0.0,0.03333333333333333,0.0680962174676107,0.0680962174676107,0.03333333333333333,0.09260987829122137,0.09260987829122137,0.3530037563425857,0.3530037563425857,0.25909427365875226,0.25909427365875226,0.1375,0.18333333333333332,0,0,0,0,1,1
unknown,0.0032431530222881044,0.0,0.1,0.09723269537019984,0.061085339932706775,0.1,0.14767310689882812,0.08275180739463191,0.3647126442723074,0.2856260418114526,0.292056455658768,0.21782143366544657,0.14375000000000002,0.19166666666666665,1,0,0,1,1,1
unknown,0.0,0.0,0.03333333333333333,0.06759144464040744,0.06759144464040744,0.03333333333333333,0.1006772985818599,0.1006772985818599,0.21679337133970072,0.21679337133970072,0.20231451952070653,0.20231451952070653,0.1375,0.18333333333333332,0,0,0,0,1,1
unknown,0.0,0.0,0.1,0.04538437497044551,0.04410519699548002,0.1,0.0938446731108545,0.08685760478605173,0.1975138107247124,0.17638377552076087,0.19401481793446784,0.18065038281443058,0.1375,0.18333333333333332,1,0,0,1,1,1
unknown,0.0,0.0,0.13333333333333333,0.08500234210295285,0.06377521808482563,0.13333333333333333,0.13227637170276474,0.10231826115428623,0.1984578713730356,0.1522755525618278,0.15046339838118394,0.10681835191635086,0.1375,0.18333333333333332,0,0,0,0,1,1
unknown,0.001142818292353736,0.0,0.1,0.07451624316404225,0.059402238613441856,0.1,0.10076049506099556,0.08641412847051093,0.08359708156814089,0.0439322036775597,0.051680792480287285,0.0318196812879908,0.1375,0.18333333333333332,1,0,0,1,1,1
unknown,0.04790760692688407,0.0,0.5666666666666667,0.17341795905168386,0.0,0.4666666666666667,0.1806266740976269,0.06933172902164848,0.16301119011140447,0.0,0.1312002323441655,0.0,0.1375,0.18333333333333332,1,0,0,1,1,1
unknown,0.11258677752137536,0.08139166334130712,0.16666666666666666,0.14830567245244178,0.05061713103255924,0.16666666666666666,0.19034278697644583,0.03781543540013798,0.3506879311038961,0.19837098639335482,200.31662972740878,0.4941359822409255,0.13000000000000003,0.17333333333333334,0,0,0,0,0,1
unknown,0.09524432067411621,0.06958819781383122,0.16666666666666666,0.19108226630923847,0.09060240560178615,0.16666666666666666,0.257337075755738,0.12237989332165382,0.3728197741756808,0.2451201570980063,399.9912969153885,0.5376081332474194,0.128125,0.17083333333333334,0,0,0,0,0,1
unknown,0.09391377774732093,0.07585658212261363,0.23333333333333334,0.1637383476539347,0.058407191483632645,0.23333333333333334,0.19954649402582073,0.04534046032333704,0.3225155675694986,0.20810272128143179,0.596771729275888,0.5155359001258062,0.12232142857142857,0.1630952380952381,0,0,0,0,0,1
unknown,0.09641763022135892,0.07647470928888433,0.16666666666666666,0.0957026378836648,0.03903721651589829,0.16666666666666666,0.14516091158478753,0.04517498882345474,0.2654858419202283,0.20986695536861052,0.546489063524389,0.49983439458107265,0.128125,0.17083333333333334,0,0,0,0,0,1
unknown,0.23770771356206014,0.02639093914188081,0.06666666666666667,0.139622037773962,0.053604069529513694,0.06666666666666667,0.24562314850655897,0.1908275383575246,0.6468566400498315,0.6138999808444835,333.6127602413138,0.9152846801819058,0.109375,0.14583333333333334,0,0,0,0,0,1
unknown,0.17627656406324976,0.0006498002533490876,0.4,0.6295597318283126,0.5592260848806535,0.0,0.44880284996185177,0.3910123693141861,0.08621956597013895,0.0,317.91291115944716,0.0,0.12215909090909091,0.16287878787878787,0,0,1,1,1,1
unknown,0.09420342628868808,0.04189029694209774,0.06666666666666667,0.36385357907519666,0.25287088564292315,0.03333333333333333,0.46435531280990505,0.3992994913208156,0.839076183714197,0.828872968493623,1.1453536505529516,1.1355433092313214,0.1015625,0.13541666666666669,0,0,0,0,0,1
unknown,0.1948801198934126,0.10029774292783764,0.13333333333333333,0.6425080025536078,0.6082904762188722,0.0,0.4728591112913759,0.4394802389642938,0.0941033263279064,0.002489343601800837,249.79007645214335,0.0,0.128125,0.17083333333333334,0,0,1,1,1,1
unknown,0.0010684570014508747,0.0010684570014508747,0.03333333333333333,0.38902255543161174,0.38902255543161174,0.0,0.20657775332619546,0.20657775332619546,0.2112827191525414,0.2112827191525414,999.0,999.0,0.115625,0.15416666666666667,0,0,0,0,1,1
unknown,0.4025925505414985,0.4025925505414985,0.0,0.6750589216565249,0.6750589216565249,0.0,0.7426414434374023,0.7426414434374023,1.0480218002173485,1.0480218002173485,1.3167850657769593,1.3167850657769593,0.1125,0.15,0,0,0,0,0,1
unknown,0.12921478413017726,0.0,0.06666666666666667,0.5780440777679303,0.45761110707470437,0.0,0.40406672349230327,0.281559958411938,0.03688709172137164,0.0053495821297563275,499.5075543170439,0.013016312801171423,0.12734374999999998,0.16979166666666665,0,0,1,1,1,1
unknown,0.0888375334131482,0.0645068902729314,0.06666666666666667,0.3930273722858988,0.3696165622596942,0.0,0.45933827795368753,0.4235092896384941,0.7336343469962512,0.6042880301635533,1.0474075450973683,1.0018568453004226,0.1046875,0.13958333333333334,0,0,0,0,0,1
unknown,0.0,0.0,1.4666666666666666,0.2505308224592684,0.0,0.43333333333333335,0.07060538869956352,0.0,0.09866170103036974,0.0,930.9032822588946,0.24517755386260118,0.2215909090909091,0.29545454545454547,0,0,1,1,1,1
unknown,0.0,0.0,0.03333333333333333,0.16753812703649545,0.16753812703649545,0.03333333333333333,0.033222943136443354,0.033222943136443354,0.18532475382549377,0.18532475382549377,999.0,999.0,0.2,0.26666666666666666,0,0,1,1,0,1
unknown,0.0,0.0,0.16666666666666666,0.279829085435764,0.18714187060191098,0.06666666666666667,0.09844783873964733,0.029302116746671002,0.1365653118982777,0.05717473273133982,999.0,999.0,0.216875,0.2891666666666667,0,0,1,1,1,1
unknown,0.0,0.0,0.03333333333333333,0.31698776965698783,0.31698776965698783,0.0,0.11319829425388202,0.11319829425388202,0.15309542594309888,0.15309542594309888,999.0,999.0,0.225,0.3,1,0,1,1,1,1
unknown,0.006558763912152752,0.0,0.1,0.2306222423455128,0.1874542793561241,0.1,0.05159051483586411,0.03566898065175754,0.12474354646867679,0.1142224307218885,999.0,999.0,0.225,0.3,0,0,1,1,1,1
unknown,0.0,0.0,0.06666666666666667,0.25287492570088577,0.1948005885900147,0.03333333333333333,0.054951025588856006,0.021136585467805787,0.12926999279108253,0.12501128938629286,999.0,999.0,0.221875,0.2958333333333333,1,0,1,1,1,1
unknown,0.19979530147356794,0.0,0.3333333333333333,0.5227702469395908,0.37697333668653155,0.0,0.30884337906235787,0.15476443998173336,0.29083135659742815,0.19721278342974938,799.2690063773457,0.3398518223073269,0.22562500000000002,0.3008333333333333,0,0,1,1,1,1
unknown,0.0,0.0,0.03333333333333333,0.3200033371753662,0.3200033371753662,0.0,0.11325739531000413,0.11325739531000413,0.167044652900071,0.167044652900071,999.0,999.0,0.21875,0.2916666666666667,1,0,1,1,1,1
unknown,0.23667519100323758,0.0,0.36666666666666664,0.48378262207602774,0.21425374050537171,0.1,0.31323678586241194,0.03492856762912917,0.32108735178044173,0.11398736715513327,913.406779942226,0.40636302129298557,0.2278571428571429,0.3038095238095238,0,0,1,1,1,1
unknown,0.0,0.0,0.06666666666666667,0.513055963243586,0.5125526973592454,0.0,0.416930876792037,0.4069016065675152,0.06017887728419977,0.050185609979248584,0.0,0.0,0.1515625,0.20208333333333334,0,0,1,1,1,1
unknown,0.1428238220933503,0.0,0.06666666666666667,0.48686396375841856,0.3057378878833398,0.0,0.3284252313749497,0.18263287282357266,0.13027703091293608,0.0,499.55601515544765,0.08434043928246622,0.15703125,0.209375,0,0,0,1,1,1
unknown,0.0,0.0,0.03333333333333333,0.3268734448255233,0.3268734448255233,0.0,0.2151007970597427,0.2151007970597427,0.0,0.0,0.15292269011321954,0.15292269011321954,0.15625,0.20833333333333334,0,0,1,1,1,1
unknown,0.0005077073310882149,0.0,0.3,0.39982318785921245,0.35312885717667347,0.0,0.2682770385014977,0.2498190614341227,0.016087059753162627,0.0,333.13686337704127,0.11306970279410523,0.15625,0.20833333333333334,0,0,0,1,1,1
unknown,0.507865794759043,0.4423273619490165,0.0,0.7338507346843592,0.644806046895221,0.0,0.5815809721488228,0.5036745281735406,0.570034493874521,0.522912321917017,799.3678578563186,0.8392892815929245,0.16875,0.225,0,0,1,1,0,1
unknown,1.8256061621486286,1.2383066652029473,0.0,1.850841548356401,1.3724253405783096,0.0,1.704664356228642,1.239308925323011,1.4534864067593303,1.0631396593717475,1.4716232523358646,1.1431282347046179,0.11874999999999997,0.1583333333333333,0,0,1,1,1,1
unknown,0.0,0.0,0.13333333333333333,0.19909957487738944,0.1441707229671397,0.13333333333333333,0.18112898318036355,0.15740981471499962,0.023174973234140375,0.0,0.010528755621324196,0.0,0.109375,0.14583333333333334,0,0,0,0,1,1
unknown,0.3834625188680384,0.0,0.5666666666666667,0.667865274804438,0.3591615068337719,0.0,0.49045177341100155,0.2952332941549747,0.25024416439643454,0.0,148.2702135008267,0.09137471073824266,0.12251157407407408,0.16334876543209872,0,0,1,1,1,1
unknown,0.6124998706017857,0.4845928630347919,0.0,0.7845395417682474,0.7133909556100201,0.0,0.7920624828953878,0.7189795162040581,0.7541589800576742,0.7134034750057555,999.0,999.0,0.234375,0.3125,0,0,1,1,0,1
unknown,0.37709599487417933,0.3768778072318735,0.0,0.7391535891765768,0.7334832798755732,0.0,0.6494150373780082,0.6474956935467692,0.6606506605154441,0.6515672533098711,999.0,999.0,0.234375,0.3125,0,0,1,1,0,1
unknown,0.10123902543475559,0.0,0.7333333333333333,0.31480037990698584,0.0,0.13333333333333333,0.16678146899716062,0.0,0.0695598864542163,0.0,772.026569105905,0.08518909353854474,0.20681818181818185,0.27575757575757565,1,0,0,1,0,1
unknown,0.4124900188224264,0.15920418087533747,0.1,0.27463771543444554,0.1471172234599027,0.1,0.345057563247083,0.2777586097070661,0.6714893884277325,0.5172956896491083,125.68414338008363,0.7331276794136756,0.16249999999999998,0.21666666666666667,0,0,0,0,0,1
unknown,0.13107458117942838,0.0,0.36666666666666664,0.4023016771610868,0.3724543414456715,0.0,0.129408532051208,0.09537173822886916,0.0944709343443328,0.0,999.0,999.0,0.19971590909090908,0.26628787878787885,0,0,1,1,1,1
unknown,0.14774173805658242,0.0,0.8,0.37450239787879297,0.22991277966266122,0.06666666666666667,0.14547173840435337,0.06838659772899344,0.05170122100461568,0.0,999.0,999.0,0.2055989583333333,0.2741319444444445,0,1,1,1,1,1
unknown,0.026512040183027573,0.0,0.16666666666666666,0.29613372306862284,0.2588648345673354,0.06666666666666667,0.1138347866743193,0.09309968299384916,0.0006929547691355154,0.0,999.0,999.0,0.20749999999999996,0.27666666666666667,0,0,1,1,1,1
unknown,0.000798721353535519,0.0,0.5,0.00041605269896414474,0.0,0.5,0.0,0.0,0.09599477920303481,0.08164466495288492,0.3070278976942137,0.29200748429127754,0.1816666666666667,0.24222222222222214,0,1,1,1,1,1
unknown,0.01977967189158546,0.0,0.2,0.0,0.0,0.2,0.0,0.0,0.09522003508946435,0.08487803111275413,0.3049028907272943,0.29516168359882233,0.18125000000000002,0.24166666666666667,0,0,1,1,1,1
unknown,0.0,0.0,0.23333333333333334,0.4623124337208493,0.3355029517395018,0.0,0.346279333762047,0.23400658816725825,0.0,0.0,0.0,0.0,0.140625,0.1875,0,0,1,1,1,1
unknown,0.16477555624745088,0.14619093215581877,0.06666666666666667,0.11601411485276457,0.08290662741227517,0.06666666666666667,0.055608854048328896,0.0,0.12495969367350972,0.03139947868136244,0.24158048579765873,0.08154188655945019,0.1109375,0.14791666666666667,0,0,0,0,1,1
unknown,0.02425713255329454,0.0,0.23333333333333334,0.5184585104724302,0.3348963322932667,0.0,0.36016528160744443,0.20652057565815882,0.0,0.0,285.4423292259918,0.0,0.16294642857142858,0.2172619047619047,0,0,0,1,1,1
unknown,0.006753861576188791,0.0,0.4,0.4718232786011649,0.331337152522436,0.0,0.33601181287411275,0.2108025975596061,0.0,0.0,83.25,0.0,0.16562499999999997,0.2208333333333333,0,0,1,1,1,1
unknown,0.03769698996690611,0.0,0.16666666666666666,0.4889382244632284,0.4025185586330582,0.0,0.3795153242192607,0.31804913188378753,0.010702583785558547,0.0,599.4821700904351,0.07755546707398889,0.14375,0.19166666666666668,0,0,0,1,1,1
unknown,0.3246022331971448,0.0,0.16666666666666666,0.5234367230479907,0.18819107874076235,0.13333333333333333,0.36427304198330174,0.06550315823201691,0.40949783623133407,0.1736158961437476,732.6744391828314,0.04196485831319189,0.17104166666666665,0.2280555555555555,0,0,1,1,1,1
unknown,0.055207970843052345,0.055207970843052345,0.03333333333333333,0.25042399367842527,0.25042399367842527,0.03333333333333333,0.08664901500587734,0.08664901500587734,0.07729953177888642,0.07729953177888642,999.0,999.0,0.1625,0.21666666666666667,1,0,1,1,1,1
unknown,0.06101848098300993,0.0,0.13333333333333333,0.42962013555036593,0.3831286923443286,0.0,0.26810680263734443,0.23681074536995186,0.20181749835265816,0.0,999.0,999.0,0.16953125000000002,0.22604166666666667,0,0,1,1,1,1
unknown,0.0,0.0,0.03333333333333333,0.2589058627598002,0.2589058627598002,0.03333333333333333,0.0844810306117974,0.0844810306117974,0.03887710104872632,0.03887710104872632,999.0,999.0,0.178125,0.2375,1,0,1,1,1,1
unknown,0.06599234872355692,0.0,0.36666666666666664,0.17712773268119464,0.0,0.3,0.09473251994419449,0.03521936174472869,0.13590276159718762,0.02262819225639654,91.20830484034775,0.31134347992318534,0.15113636363636362,0.20151515151515148,1,0,0,1,0,1
unknown,0.0,0.0,0.06666666666666667,0.07351087453936751,0.0,0.06666666666666667,0.04250845429873487,0.01842858971258436,0.33834640110481573,0.12782923918311187,499.7051363818325,0.4102727636650343,0.15625,0.20833333333333334,1,0,0,1,0,0
unknown,0.0045068821430789925,0.0,1.0666666666666667,0.3269559592319031,0.23547297333822004,0.03333333333333333,0.18538032143885663,0.1229086865659701,0.0,0.0,999.0,999.0,0.169140625,0.22552083333333334,0,0,1,1,1,1
unknown,0.0,0.0,0.06666666666666667,0.3458745128537224,0.34492967162960975,0.0,0.2178601806904458,0.21542536758440822,0.0,0.0,999.0,999.0,0.16875,0.225,1,0,0,1,1,1
unknown,0.0011094140749820357,0.0,2.1,0.29931704418214355,0.14581853142400109,0.16666666666666666,0.16284899518970405,0.050244905528646855,0.0,0.0,777.0499531316578,0.19781504705028585,0.1875,0.25,0,0,1,1,1,1
unknown,0.0,0.0,0.03333333333333333,0.3322066432185573,0.3322066432185573,0.0,0.17260179307894127,0.17260179307894127,0.0,0.0,0.23314311197914178,0.23314311197914178,0.16875,0.225,1,0,1,1,1,1
unknown,0.0,0.0,0.03333333333333333,0.3625488467747046,0.3625488467747046,0.0,0.21790375562930625,0.21790375562930625,0.0,0.0,999.0,999.0,0.1875,0.25,0,0,1,1,1,1
unknown,0.0,0.0,0.03333333333333333,0.3438344934265716,0.3438344934265716,0.0,0.17912822279583213,0.17912822279583213,0.0,0.0,0.20136952460314897,0.20136952460314897,0.16875,0.225,1,0,1,1,1,1
unknown,0.0,0.0,0.13333333333333333,0.3034889406298172,0.26116020096532694,0.03333333333333333,0.1719693462427684,0.13561402807321285,0.0,0.0,999.0,999.0,0.1875,0.25,0,0,1,1,1,1
unknown,0.0,0.0,0.3,0.29842832915940587,0.2475746678365857,0.03333333333333333,0.22111082657936976,0.17521733895592867,0.030629718426431182,0.013541792706100841,222.24917470222616,0.261246337349528,0.14652777777777778,0.19537037037037036,0,1,1,1,1,1
unknown,0.024682674700310624,0.0,0.3333333333333333,0.33752016032175575,0.22174880213089762,0.06666666666666667,0.18869711784637308,0.1042960315021755,0.06858730326768225,0.0,699.3884431105087,0.2244453562156359,0.1875,0.25,0,0,1,1,1,1
unknown,0.14882334398846087,0.14882334398846087,0.03333333333333333,0.6814399699531227,0.6814399699531227,0.0,0.48603831663540814,0.48603831663540814,0.3646066595133048,0.3646066595133048,999.0,999.0,0.146875,0.19583333333333333,1,0,0,0,1,1
unknown,0.19772877414348178,0.19772877414348178,0.03333333333333333,0.7459985630135652,0.7459985630135652,0.0,0.5538742828031439,0.5538742828031439,0.4129499828186985,0.4129499828186985,0.4419482988201376,0.4419482988201376,0.146875,0.19583333333333333,1,0,1,1,1,1
unknown,0.2484100846745167,0.2484100846745167,0.03333333333333333,0.7549575887469377,0.7549575887469377,0.0,0.5659496504334848,0.5659496504334848,0.39775799603728623,0.39775799603728623,0.42922934474620367,0.42922934474620367,0.146875,0.19583333333333333,1,0,0,1,1,1
unknown,0.16436031453877406,0.10621166255562874,0.13333333333333333,0.6547082232291963,0.5525732806176702,0.0,0.46331854075445,0.3637333234192672,0.3596747635096883,0.32069582165941796,499.70895929801964,0.4053509981710695,0.146875,0.19583333333333333,1,0,1,1,1,1
unknown,0.10057800136356262,0.10057800136356262,0.03333333333333333,0.5818921063008334,0.5818921063008334,0.0,0.39399551869148797,0.39399551869148797,0.33635553200068646,0.33635553200068646,999.0,999.0,0.146875,0.19583333333333333,1,0,0,1,1,1
unknown,0.0015806319031231246,0.0,0.23333333333333334,0.34228697671391756,0.33321171947755496,0.0,0.31101112351186716,0.26641008267477145,0.029921510222039684,0.0,570.939959239664,0.17378236601756306,0.14598214285714287,0.19464285714285715,0,1,1,1,1,1
unknown,0.01767678160543516,0.01767678160543516,0.03333333333333333,0.5002403156227598,0.5002403156227598,0.0,0.39548733004413505,0.39548733004413505,0.0,0.0,999.0,999.0,0.125,0.16666666666666666,0,1,0,0,1,1
unknown,0.3161043215914582,0.3161043215914582,0.03333333333333333,0.6872647037406898,0.6872647037406898,0.0,0.5449758904931179,0.5449758904931179,0.44283160288970336,0.44283160288970336,999.0,999.0,0.14375,0.19166666666666668,1,0,0,1,1,1
unknown,0.0008604204803060806,0.0,0.6666666666666666,0.279235065585978,0.15889534168306294,0.16666666666666666,0.1379112982040336,0.06927459345493849,0.01041875253271044,0.0,899.1290351168209,0.28863119855631575,0.18124999999999997,0.2416666666666666,0,1,1,1,1,1
unknown,0.2014248626180216,0.17646610703417503,0.06666666666666667,0.5833065581981707,0.5614682219044522,0.0,0.4232967765729716,0.4085494586891749,0.3036102635110551,0.2804829198010067,999.0,999.0,0.15,0.2,0,0,1,1,1,1
unknown,0.0,0.0,0.7333333333333333,0.23917968153538774,0.21086355435067333,0.3333333333333333,0.12091847793458226,0.09150914903003184,0.0014715339657943298,0.0,726.6218461937574,0.23670466491532557,0.18124999999999997,0.24166666666666659,0,1,1,1,1,1
unknown,0.19826764357918056,0.19036003208194366,0.1,0.6236868090713501,0.5966852355002975,0.0,0.46055908560845227,0.43372313345707625,0.38186719774612055,0.3614182068261369,999.0,999.0,0.15,0.20000000000000004,0,0,1,1,1,1
unknown,0.0,0.0,0.06666666666666667,0.3129749059750792,0.3065829769559441,0.0,0.163454632386074,0.15986139631281643,0.0023325550707023195,0.0,999.0,999.0,0.18125,0.24166666666666667,0,1,1,1,1,1
unknown,0.0916490567227932,0.0916490567227932,0.03333333333333333,0.6220234056677135,0.6220234056677135,0.0,0.42613756340361186,0.42613756340361186,0.26432150275526156,0.26432150275526156,999.0,999.0,0.121875,0.1625,0,0,1,1,1,1
unknown,0.008397773512442634,0.0,1.5,0.3175428317903424,0.23128568117344137,0.16666666666666666,0.1660550217539146,0.11968819756221688,0.03423562174884734,0.0,888.0336642232476,0.2588985887185268,0.18125000000000005,0.2416666666666667,0,1,1,1,1,1
unknown,0.02499176775835218,0.01291518237157814,0.06666666666666667,0.0946511617303522,0.09072647030082019,0.06666666666666667,0.1855201985040979,0.17886299375719034,0.28968519713679686,0.2834356265062217,0.2145212085415641,0.2133695658590434,0.146875,0.19583333333333333,0,0,0,1,1,1
unknown,0.0,0.0,0.03333333333333333,0.08059396750378522,0.08059396750378522,0.03333333333333333,0.1681981345779913,0.1681981345779913,0.27712455043341383,0.27712455043341383,0.2054212359985759,0.2054212359985759,0.16875,0.225,1,0,0,0,1,1
unknown,0.0,0.0,0.03333333333333333,0.12863460339015167,0.12863460339015167,0.03333333333333333,0.20460634094156843,0.20460634094156843,0.2635749529371956,0.2635749529371956,0.19051789816912862,0.19051789816912862,0.165625,0.22083333333333333,1,0,0,1,1,1
unknown,0.0,0.0,0.03333333333333333,0.12696385754621223,0.12696385754621223,0.03333333333333333,0.03528359273018185,0.03528359273018185,0.0907550499763071,0.0907550499763071,0.288312479449409,0.288312479449409,0.121875,0.1625,0,0,0,0,0,1
unknown,0.09657932560550136,0.0,0.3,0.3670833680893823,0.3562624587116547,0.0,0.27226223845795666,0.2633886628557568,0.0,0.0,0.05630610804072828,0.04730277535807251,0.11979166666666667,0.1597222222222222,0,0,0,0,1,1
unknown,0.0727889457143872,0.0,0.2,0.37299963974102135,0.36288613576727036,0.0,0.2611636937225302,0.23655596523949204,0.0,0.0,0.06337137588134356,0.05662422648766534,0.12135416666666665,0.16180555555555554,0,0,0,1,1,1
unknown,0.22383835291911064,0.09722067415204423,0.23333333333333334,0.48457892713920186,0.41570080331877196,0.0,0.35861137446570035,0.2965445799254219,0.21629259569403278,0.175027910147051,0.2021952653040247,0.15315890093022907,0.13080357142857144,0.17440476190476192,0,0,1,1,1,1
unknown,0.0,0.0,0.06666666666666667,0.3290189281086232,0.2653914077452318,0.03333333333333333,0.21968932718968004,0.1699840446635006,0.0,0.0,0.046011573482791376,0.0,0.16875,0.22499999999999998,0,0,0,1,1,1
unknown,0.0,0.0,0.1,0.407182735771938,0.39554197483705306,0.0,0.275876533015259,0.2666350540393302,0.04801399616154855,0.04123709474478598,999.0,999.0,0.209375,0.2791666666666667,0,0,0,1,1,1
unknown,0.002701574469259999,0.0,0.16666666666666666,0.5430182063963008,0.5319594746672891,0.0,0.35395833634609164,0.349796313746235,0.05917516299423396,0.04429238798590584,0.11766079767631976,0.06443376148358876,0.209375,0.2791666666666667,0,0,0,1,1,1
unknown,0.043640773576502416,0.0,0.5333333333333333,0.25298563215512937,0.15208632939302238,0.36666666666666664,0.08200454415226144,0.0,0.08901942684456932,0.008542294752436543,999.0,999.0,0.14609375,0.19479166666666667,0,0,1,1,1,1
unknown,0.14135726821943134,0.14135726821943134,0.03333333333333333,0.013045186537032637,0.013045186537032637,0.03333333333333333,0.0,0.0,0.3266197069084548,0.3266197069084548,999.0,999.0,0.146875,0.19583333333333333,0,0,0,0,0,1
unknown,0.1639805523907214,0.1639805523907214,0.03333333333333333,0.1377674922058378,0.1377674922058378,0.03333333333333333,0.0,0.0,0.15886457082112995,0.15886457082112995,999.0,999.0,0.1625,0.21666666666666667,0,0,0,0,1,1
unknown,0.0,0.0,0.03333333333333333,0.3803886556820903,0.3803886556820903,0.0,0.22235610124981936,0.22235610124981936,0.0,0.0,999.0,999.0,0.159375,0.2125,0,1,0,0,1,1
unknown,0.023704084115592466,0.0,1.1666666666666667,0.34462120867719664,0.25435209388647223,0.1,0.17519460105818113,0.14362768004861381,0.0022018376822725916,0.0,999.0,999.0,0.171875,0.22916666666666669,0,1,1,1,1,1
unknown,0.0,0.0,0.03333333333333333,0.3764031206126584,0.3764031206126584,0.0,0.19744898635675406,0.19744898635675406,0.0,0.0,999.0,999.0,0.171875,0.22916666666666666,0,0,1,1,1,1
unknown,0.0,0.0,0.6,0.33793381022735847,0.32441414260734486,0.0,0.20588826897145165,0.19092136941076163,0.0,0.0,999.0,999.0,0.171875,0.22916666666666666,0,1,1,1,1,1
unknown,0.0,0.0,0.3333333333333333,0.3483239828861545,0.3007465987775391,0.0,0.2124961958904489,0.18530904061524056,0.0,0.0,999.0,999.0,0.171875,0.22916666666666666,0,1,1,1,1,1
unknown,0.0,0.0,1.2333333333333334,0.37144113945559,0.28073515635850704,0.0,0.20013605499703932,0.14787691871248887,0.0,0.0,999.0,999.0,0.171875,0.22916666666666666,0,1,1,1,1,1
unknown,0.11108562505097434,0.0,1.4666666666666666,0.4295515129818446,0.286869583841137,0.0,0.2853343595151818,0.1442980759878831,0.06237407042469453,0.0,548.5689962942481,0.03184288729705267,0.12886029411764707,0.1718137254901961,0,0,1,1,1,1
unknown,0.0,0.0,0.03333333333333333,0.4576188783544261,0.4576188783544261,0.0,0.3732569040034237,0.3732569040034237,0.1217509149809929,0.1217509149809929,0.0,0.0,0.10625,0.14166666666666666,0,0,0,1,1,1
unknown,0.14518854818158677,0.0,0.36666666666666664,0.5182938915218683,0.32912327225405585,0.0,0.41096863644398746,0.25812509995224914,0.2873826097339312,0.11082324060823939,0.2555139378540159,0.0,0.12242647058823529,0.16323529411764703,0,0,1,1,1,1
unknown,0.1684331167882526,0.1561814898255765,0.1,0.4688929457775883,0.44214880067397716,0.0,0.3338567494460722,0.3202742559858526,0.2314701976887831,0.2224655147926445,0.440958400437857,0.3801108894543918,0.11666666666666665,0.15555555555555556,0,0,1,1,1,1
unknown,0.027340140971345583,0.0,0.9333333333333333,0.37768832127179447,0.17752315346928008,0.1,0.2719997375548217,0.08353356090428135,0.0,0.0,71.47323716074048,0.0,0.15524553571428573,0.20699404761904758,0,0,0,1,1,1
unknown,0.0,0.0,0.06666666666666667,0.4700458992746031,0.46913355867665163,0.0,0.35368859168767297,0.3533151698206765,0.0,0.0,0.11130704300054858,0.10893465348406814,0.15625,0.20833333333333334,0,0,1,1,1,1
unknown,0.0,0.0,0.03333333333333333,0.06983364376352182,0.06983364376352182,0.03333333333333333,0.09156151162868396,0.09156151162868396,0.24284762163629078,0.24284762163629078,0.21896148967902548,0.21896148967902548,0.1375,0.18333333333333332,0,0,0,0,1,1
unknown,0.08328884933872886,0.0,0.5666666666666667,0.5664631383248683,0.5139836716484755,0.0,0.3895876992716411,0.32436161499165383,0.02996891498815245,0.0,299.74353508444597,0.0,0.12260416666666665,0.1634722222222223,0,0,1,1,1,1
unknown,0.0025931936114340927,0.0,0.3,0.22704698275076834,0.0659949280254129,0.13333333333333333,0.08109205453594938,0.0,0.019093585508302997,0.0,777.0443570134884,0.19482636904561804,0.2170138888888889,0.28935185185185186,0,0,1,1,1,1
unknown,0.4668568561565548,0.4033682922022013,0.0,0.7388723220863302,0.6552870855762555,0.0,0.553642264010409,0.4869100727056677,0.5747495327585069,0.5339219185226202,999.0,999.0,0.14375,0.19166666666666674,0,0,1,1,0,1
unknown,0.003641986295336378,0.0,2.6,0.2547860712452345,0.17355567478535877,0.9333333333333333,0.10966534771321082,0.007926312706296838,0.0,0.0,922.1674659975685,0.14981645348503111,0.22107371794871802,0.2947649572649574,0,0,1,1,1,1
unknown,0.21822157993517619,0.0,0.06666666666666667,0.6587970692886059,0.42964788823652006,0.0,0.5089422269795537,0.32724356369934,0.3322798129384997,0.06322146033178752,333.2403930920564,0.0,0.14322916666666666,0.19097222222222224,0,0,1,1,1,1
unknown,0.3691677616984744,0.16025174449626606,0.1,0.5067005364974866,0.29399570150358084,0.0,0.3804138450707925,0.12955143261441146,0.42070343063695537,0.23051972367405388,333.494386767714,0.49837135275400574,0.128125,0.17083333333333334,0,0,0,0,0,1
unknown,0.33587454294121144,0.12977470578442385,0.06666666666666667,0.7088662381702309,0.6033549332438575,0.0,0.5854814699930094,0.46890977129988776,0.6587531079514812,0.6189721298771643,799.3418735828961,0.7093679144808961,0.175,0.23333333333333334,0,0,1,1,0,1
unknown,1.762870717418836,1.1863482149835947,0.0,1.794314525252066,1.3284966511343157,0.0,1.6469809294995257,1.1937222347819831,1.3953972925141451,1.0173625035108556,1.4065253143202703,1.0834117702937156,0.12812500000000002,0.17083333333333336,0,0,1,1,1,1
unknown,0.042105583349615276,0.0,0.13333333333333333,0.20294873929165747,0.11771585080618609,0.06666666666666667,0.21565235663583823,0.16871800437542833,0.3259317136129179,0.2698185684983793,0.24066931415641085,0.11139221056687894,0.10234375,0.13645833333333335,0,0,0,0,1,1
unknown,0.0,0.0,0.3333333333333333,0.4660350204103526,0.44858829663714817,0.0,0.33032634411130407,0.3022803079730614,0.0,0.0,999.0,999.0,0.175,0.23333333333333334,0,1,1,1,1,1
unknown,0.0,0.0,0.03333333333333333,0.3034217667106172,0.3034217667106172,0.0,0.1497176938281716,0.1497176938281716,0.0,0.0,999.0,999.0,0.196875,0.2625,0,0,1,1,1,1
unknown,0.0,0.0,0.1,0.4856147201915868,0.4805058245530321,0.0,0.31957478635114783,0.30203073385120277,0.0,0.0,999.0,999.0,0.17499999999999996,0.2333333333333333,0,1,1,1,1,1
unknown,0.0,0.0,0.06666666666666667,0.39249335926385437,0.39183485260385326,0.0,0.24559837435842397,0.23805851428897018,0.0,0.0,999.0,999.0,0.184375,0.24583333333333332,0,0,1,1,1,1
unknown,0.0,0.0,0.13333333333333333,0.4552213414026022,0.4471249422670255,0.0,0.31228245295781776,0.3040168416306811,0.0,0.0,999.0,999.0,0.18125,0.24166666666666667,0,1,1,1,1,1
unknown,0.0,0.0,0.03333333333333333,0.4667950994860092,0.4667950994860092,0.0,0.3277261052123534,0.3277261052123534,0.0,0.0,999.0,999.0,0.18125,0.24166666666666667,0,0,1,1,1,1
unknown,0.0,0.0,0.3333333333333333,0.474120885638263,0.4602284192259575,0.0,0.32391701651136434,0.3129556391297263,0.0,0.0,999.0,999.0,0.18124999999999997,0.24166666666666664,0,1,1,1,1,1
unknown,0.0,0.0,0.03333333333333333,0.47445845303179773,0.47445845303179773,0.0,0.31883518094788044,0.31883518094788044,0.0,0.0,999.0,999.0,0.18125,0.24166666666666667,0,0,1,1,1,1
unknown,0.0,0.0,0.03333333333333333,0.47681489659342524,0.47681489659342524,0.0,0.33376378620097463,0.33376378620097463,0.0,0.0,999.0,999.0,0.18125,0.24166666666666667,0,1,1,1,1,1
unknown,0.0,0.0,0.23333333333333334,0.4544541536193793,0.4035069470107775,0.0,0.2822240853754348,0.23356072926559807,0.0009570718791962606,0.0,999.0,999.0,0.18214285714285713,0.24285714285714285,0,0,1,1,1,1
unknown,0.009939287296627172,0.0,0.2,0.2764347738795183,0.14849745389329194,0.06666666666666667,0.16726771530902437,0.047001090321048405,0.0,0.0,0.1514737821599011,0.09244840791067972,0.125,0.16666666666666666,0,0,1,1,1,1
unknown,0.0,0.0,0.23333333333333334,0.3471137533901506,0.2666955524514115,0.03333333333333333,0.18868531520477108,0.13831979581630366,0.0,0.0,285.5268108852241,0.07226535190683517,0.1455357142857143,0.19404761904761902,0,0,0,1,1,1
unknown,0.0,0.0,0.4,0.29406294595061216,0.16973577029855985,0.13333333333333333,0.15791276348147862,0.04920121533572994,0.0,0.0,83.35762868283238,0.03899412800430208,0.14687500000000003,0.19583333333333333,0,0,1,1,1,1
unknown,0.11465835235505044,0.0,0.6333333333333333,0.45812501148233475,0.16884126541426778,0.03333333333333333,0.3030553233337907,0.08279657316838324,0.13411897434837947,0.0,808.7181924106504,0.0,0.1805059523809524,0.2406746031746032,0,0,1,1,1,1
unknown,0.0,0.0,0.06666666666666667,0.19931279161473087,0.19496783169654033,0.06666666666666667,0.11245278480613943,0.10138126071275542,0.09054954703757429,0.08541759816594675,0.3766524829810517,0.3480132398429466,0.153125,0.20416666666666666,1,0,0,1,0,1
unknown,0.07721442616498693,0.0,0.13333333333333333,0.02274015507908194,0.0,0.13333333333333333,0.07610517530476615,0.058548672459970495,0.45202326194319337,0.36902085497942994,250.32475784789548,0.7598184650806329,0.1265625,0.16874999999999998,0,0,0,0,0,1
unknown,0.2363323032284934,0.2241696392153887,0.06666666666666667,0.20840306656545526,0.2054753158675641,0.06666666666666667,0.1367631107438631,0.12090214320096804,0.07432218208843774,0.05757118443163953,0.3596735899831358,0.33248756956115033,0.1546875,0.20625,1,0,0,1,0,1
unknown,0.18691277891838945,0.030407089194416606,0.16666666666666666,0.6377006449996688,0.44878564022188006,0.0,0.4349449488491587,0.25388988691315745,0.32094545817676673,0.24581858940469664,999.0,999.0,0.14375,0.19166666666666668,0,0,1,1,1,1
unknown,0.050391805578288436,0.03185694077449386,0.5,0.6116079078905875,0.5853147878400066,0.0,0.4148427985047468,0.393638322467569,0.19819497327580965,0.18591425113246104,999.0,999.0,0.153125,0.20416666666666664,1,0,1,1,1,1
unknown,0.0,0.0,0.06666666666666667,0.3088189570801446,0.3073059609137529,0.0,0.1745653870362805,0.17001735712316998,0.0,0.0,999.0,999.0,0.184375,0.24583333333333332,0,0,1,1,1,1
unknown,0.09677317304192208,0.0,1.8,0.5954279810780924,0.22877722322111305,0.03333333333333333,0.40786604554862116,0.044444575026890656,0.2237378717582091,0.17046537330421443,814.0542258712273,0.21024391280336188,0.1529513888888889,0.2039351851851852,1,0,1,1,1,1
unknown,0.06816030661792692,0.06816030661792692,0.03333333333333333,0.21619451493288128,0.21619451493288128,0.03333333333333333,0.03449883729964053,0.03449883729964053,0.22709564075642633,0.22709564075642633,999.0,999.0,0.140625,0.1875,0,0,1,1,0,1
unknown,0.0,0.0,0.43333333333333335,0.3986386505841682,0.2692685027346631,0.03333333333333333,0.20944129619248647,0.06607240991552073,0.06268326941676323,0.0,538.0510982834255,0.19224325974316783,0.1456730769230769,0.19423076923076918,0,0,1,1,1,1
unknown,0.0,0.0,0.06666666666666667,0.39992975431807626,0.3730616932019849,0.0,0.2183009585726311,0.16909332422187573,0.14626491815150233,0.13757841235459653,999.0,999.0,0.146875,0.19583333333333333,1,0,1,1,1,1
unknown,0.22798386069305435,0.20965660251925883,0.16666666666666666,0.4170005762014652,0.40015426624632416,0.0,0.3038968028449994,0.28148822026126674,0.2806596615620044,0.26419372081390297,0.4156893104818026,0.41225850883310733,0.1875,0.25,0,0,1,1,1,1
unknown,0.17654969266390982,0.16838541822590786,0.13333333333333333,0.39688112047320445,0.33121242051352107,0.0,0.2833425538078884,0.25151540742858186,0.24233855857826075,0.22035427207137084,499.73315146295283,0.3454391205650125,0.1875,0.25,0,1,1,1,1,1
unknown,0.0,0.0,0.26666666666666666,0.3247234943388708,0.2690271420390406,0.03333333333333333,0.17927951922916685,0.13580877092893062,0.0031295391233804527,0.0,499.59120385915924,0.16050338807705575,0.1875,0.25,0,0,1,1,1,1
unknown,0.5690429870483722,0.18045715696442663,0.03333333333333333,0.805878534007828,0.5843205082492074,0.0,0.6912062608519335,0.40870450919799445,0.6354944918421477,0.42996519306686415,624.644303888471,0.6857037641141481,0.135546875,0.18072916666666666,1,0,0,1,1,1
unknown,0.19060144361607928,0.0,0.9666666666666667,0.561779090855154,0.30256341975978823,0.0,0.39191305282225225,0.16328779796928464,0.31964467431889804,0.04507265506228419,839.2220710754935,0.322207038291054,0.1478125,0.19708333333333328,0,0,1,1,1,1
unknown,0.07404848026060053,0.0,0.23333333333333334,0.5091532912697206,0.35524971707189007,0.0,0.33830698871128906,0.17316286167740505,0.3142014824130244,0.23599761736027505,856.3450782021455,0.4155474150181919,0.14866071428571428,0.1982142857142857,0,0,1,1,1,1
unknown,0.0,0.0,0.03333333333333333,0.2455474351769205,0.2455474351769205,0.03333333333333333,0.052855389626920345,0.052855389626920345,0.17169304390840653,0.17169304390840653,999.0,999.0,0.140625,0.1875,0,0,1,1,0,1
unknown,0.17952534197238035,0.0,1.1333333333333333,0.6060590357312796,0.3349232064426174,0.0,0.4113428402909137,0.13229711205790506,0.32359916177748127,0.10303225756835978,891.0556689574161,0.43459812741554954,0.14341216216216213,0.19121621621621626,0,0,1,1,1,1
unknown,0.0708400236998806,0.06783200755710113,0.06666666666666667,0.0,0.0,0.06666666666666667,0.025349306825764962,0.021397936161019315,0.12825177759617362,0.11755788578883469,0.10659365684209142,0.10423958785124621,0.1484375,0.19791666666666669,1,0,0,1,1,1
unknown,0.08501673945725267,0.08501673945725267,0.03333333333333333,0.3613470670438286,0.3613470670438286,0.0,0.26002656474671737,0.26002656474671737,0.0,0.0,0.07387100444615628,0.07387100444615628,0.125,0.16666666666666666,0,0,0,1,1,1
unknown,0.09609486032584118,0.09609486032584118,0.03333333333333333,0.35827691897899133,0.35827691897899133,0.0,0.24899486590192654,0.24899486590192654,0.0,0.0,0.07390870168526166,0.07390870168526166,0.121875,0.1625,0,0,0,0,1,1
unknown,0.12154228624837815,0.11436331187559343,0.16666666666666666,0.37652095519248585,0.3640653065362464,0.0,0.2653979027420082,0.2624200288388005,0.0,0.0,0.06132772909007757,0.04732904835527566,0.12375,0.16499999999999998,0,0,0,1,1,1
unknown,0.1702558807302609,0.1702558807302609,0.03333333333333333,0.5282262035307771,0.5282262035307771,0.0,0.3944584777702299,0.3944584777702299,0.25774704536452747,0.25774704536452747,0.2456239765313265,0.2456239765313265,0.128125,0.17083333333333334,0,0,1,1,1,1
unknown,0.0,0.0,0.03333333333333333,0.34506168319360736,0.34506168319360736,0.0,0.24965432011187613,0.24965432011187613,0.0,0.0,0.0,0.0,0.178125,0.2375,0,0,0,1,1,1
unknown,0.08874832841232362,0.0,0.7333333333333333,0.4185991896316141,0.16697210681671118,0.1,0.3242848351151435,0.1267173679688352,0.07445693440544324,0.0,50.10335361982878,0.0,0.11828125,0.15770833333333334,0,0,1,1,1,1
unknown,0.10773709550241214,0.0,0.7,0.42496128886815754,0.2906414450545956,0.0,0.2967951093605292,0.16900660328810685,0.24561507230278543,0.1839379887994514,0.36365290175654646,0.1622797466931326,0.11577380952380954,0.1543650793650794,0,0,1,1,1,1
unknown,0.0,0.0,0.03333333333333333,0.27917354717023324,0.27917354717023324,0.03333333333333333,0.14208918770793985,0.14208918770793985,0.014580437560533331,0.014580437560533331,999.0,999.0,0.125,0.16666666666666666,0,0,0,0,1,1
unknown,0.0,0.0,0.03333333333333333,0.28559018712964324,0.28559018712964324,0.0,0.11858223298464628,0.11858223298464628,0.08848258049149527,0.08848258049149527,999.0,999.0,0.115625,0.15416666666666667,0,0,0,0,0,1
unknown,0.015734037948391313,0.0,0.06666666666666667,0.5769665706374203,0.5435301129642138,0.0,0.4644928605724697,0.4392340636739469,0.09493653178185275,0.0933557641928483,0.0650199779319838,0.04927446227746257,0.11875,0.15833333333333333,0,0,0,1,1,1
unknown,0.14411977787082048,0.00045343719978657227,0.16666666666666666,0.6481607150320079,0.5418492731679314,0.0,0.5105963855442629,0.39715293555677056,0.2592255810878781,0.23022480239544912,0.2682557206642847,0.23510941422125015,0.12375,0.16499999999999998,0,0,1,1,1,1
unknown,0.027306148452598582,0.0,0.8,0.46435709689836896,0.2875343225751214,0.0,0.2779022142857815,0.12143774222739258,0.004961831753217988,0.0,291.4563887446703,0.023162336313995047,0.13424479166666667,0.17899305555555556,0,0,1,1,1,1
unknown,0.38487599327833344,0.30089329432132467,0.16666666666666666,0.6102116860026003,0.5346670098055357,0.0,0.47587149486315866,0.4063690528545385,0.5294983792569682,0.4714081522032748,777.1923975900199,0.8601891797399462,0.14375,0.19166666666666668,0,0,1,1,0,1
unknown,0.08837083825237155,0.0,0.5,0.5815479076446742,0.5505947774335124,0.0,0.3897429416754876,0.35365300235285957,0.07773986748526132,0.045962297400677914,999.0,999.0,0.18124999999999997,0.24166666666666667,0,0,1,1,1,1
unknown,0.4374935486725131,0.368086707258289,0.0,0.4565995817497111,0.33869205374340466,0.0,0.3824669206383753,0.31822010627338415,0.5470952289020977,0.5152094261203752,957.4121157952351,0.8907790856440344,0.1434895833333333,0.19131944444444446,0,0,1,1,0,1
unknown,0.3513949074588466,0.26367924941960996,1.0333333333333334,0.40156141866818523,0.26458953266450047,0.03333333333333333,0.3124338033914839,0.2078075162181286,0.4239845031224416,0.3224844941173596,906.5683652379363,0.6762724206826541,0.1375,0.18333333333333335,0,0,1,0,0,0
unknown,0.05609307601778263,0.01759516923593711,0.1,0.35656237411410846,0.24102203604056602,0.03333333333333333,0.2305955498318543,0.14577897115948135,0.05949463946422884,0.0,666.036356254828,0.1090687644838892,0.13437500000000002,0.17916666666666667,0,0,1,1,1,1
unknown,0.5448638530111334,0.29622707203920906,0.03333333333333333,0.674865907532586,0.43110616183675005,0.0,0.5672499920675057,0.31251985218532025,0.597169797992116,0.39964196111071404,333.56864126625936,0.5759536544914684,0.16770833333333335,0.22361111111111112,0,0,1,1,0,1
unknown,0.34463843782505077,0.34463843782505077,0.03333333333333333,0.5789191409340038,0.5789191409340038,0.0,0.4474975339994276,0.4474975339994276,0.4460780681770749,0.4460780681770749,999.0,999.0,0.140625,0.1875,0,0,0,0,0,1
unknown,0.008084639946094643,0.0,0.13333333333333333,0.34425537087947655,0.3240029413984348,0.0,0.20848470086068227,0.15245821718206512,0.0,0.0,749.3005728570139,0.20229142805566164,0.16718750000000002,0.22291666666666668,0,0,1,1,0,1
unknown,1.0698639111642856,1.0698639111642856,0.0,1.2474390703941212,1.2474390703941212,0.0,1.1034699094600495,1.1034699094600495,0.9354212983355806,0.9354212983355806,0.9184258112418422,0.9184258112418422,0.1125,0.15,0,0,1,0,1,1
unknown,1.2369501236470772,1.0978737448412987,0.0,1.2957346015432907,1.110755480446325,0.0,1.1585145025311139,0.983092072852606,0.9793511390474766,0.8818718941083724,1.0244349304915623,0.9835940764829877,0.1125,0.15,0,0,1,1,1,1
unknown,1.6368099340223998,1.6368099340223998,0.0,1.5094649014057175,1.5094649014057175,0.0,1.3794698052170784,1.3794698052170784,1.1259911874767177,1.1259911874767177,1.1685026378891006,1.1685026378891006,0.1125,0.15,0,0,1,0,1,1
unknown,1.4037244006089198,0.9906677085447733,0.0,1.4576801895026983,1.1229398411364493,0.0,1.3133666314851142,0.9898234258811506,1.0583633752467407,0.813654159929887,1.1118591907767685,0.8984179757294072,0.1125,0.15,0,0,1,1,1,1
unknown,0.2387904925536657,0.0,0.16666666666666666,0.3809708877993773,0.18382052729726595,0.06666666666666667,0.36808267375583714,0.18070877766064217,0.3649326574789296,0.0,0.27587017448843026,0.0,0.10312500000000001,0.1375,0,0,0,0,1,1
unknown,0.0,0.0,0.3333333333333333,0.30322139505090123,0.2858621223988205,0.0,0.16312602425325884,0.14241481122462388,0.027024821467715322,0.008919647818599875,999.0,999.0,0.19624999999999998,0.2616666666666667,0,0,1,1,1,1
unknown,0.008666871134444157,0.0,0.9666666666666667,0.3638129495035947,0.3096420088338777,0.0,0.19370892483645147,0.14748628235455918,0.11130280773855153,0.0,999.0,999.0,0.19687500000000005,0.26250000000000007,0,0,1,1,1,1
unknown,0.3531762172615384,0.3531762172615384,0.0,0.4677955663080645,0.4677955663080645,0.0,0.29748815016459546,0.29748815016459546,0.30107075129205535,0.30107075129205535,0.43121644840430073,0.43121644840430073,0.1125,0.15,0,0,0,0,1,1
unknown,0.0,0.0,0.06666666666666667,0.29640880668255276,0.2545453830963435,0.03333333333333333,0.16478505182004377,0.13657711829465338,0.06043641519569578,0.03061151896486747,0.3385343220208241,0.31695203438524,0.1109375,0.14791666666666667,0,0,0,1,1,1
unknown,0.0,0.0,0.06666666666666667,0.2242561809251956,0.18802101646086605,0.06666666666666667,0.029326720860601587,0.028835606114498816,0.09675157746409807,0.09559152671968198,499.7174454415514,0.43489088310272167,0.109375,0.14583333333333334,0,0,0,0,1,1
unknown,0.22147509644901361,0.02419616889690007,0.2,0.6051858110108065,0.5301302287045259,0.0,0.3912573015861989,0.3257510750599771,0.2182538521014034,0.17561825529049183,285.5775956309847,0.09493798377205712,0.11160714285714288,0.1488095238095238,0,0,0,1,1,1
unknown,0.20004064798097265,0.08114394682681501,0.23333333333333334,0.3745815008480196,0.24305025011908546,0.03333333333333333,0.23765667024209244,0.09583108018328373,0.21383892517866077,0.11081672258034073,0.359089797776566,0.3193650386205291,0.10669642857142857,0.14226190476190473,0,0,1,1,1,1
unknown,0.30786626286767327,0.0,0.23333333333333334,0.6414150041362314,0.4835990136808888,0.0,0.44441400056642244,0.2917853616200481,0.3352404635759423,0.15731361124882282,808.8379198787873,0.55819180729951,0.17380952380952377,0.23174603174603176,0,0,1,1,1,1
unknown,0.0772716445878096,0.0,0.13333333333333333,0.20827088775310926,0.20114282367323394,0.13333333333333333,0.1142437568155725,0.0908710856505013,0.07198210517811578,0.05754608368844091,250.00693297264496,0.3340772839239757,0.153125,0.20416666666666666,1,0,0,1,0,1
unknown,0.03958751692961254,0.013117261928545742,0.7333333333333333,0.3404269948762415,0.21565169036085557,0.26666666666666666,0.1952127663729786,0.08028969442913689,0.02908404792489012,0.0,953.6038079894753,0.283775768456213,0.14460227272727277,0.19280303030303025,1,0,1,1,1,1
unknown,0.08462303158357723,0.08462303158357723,0.03333333333333333,0.3905946904908342,0.3905946904908342,0.0,0.26328151789571314,0.26328151789571314,0.0,0.0,999.0,999.0,0.134375,0.17916666666666667,0,0,1,1,1,1
unknown,0.0,0.0,0.2,0.3885707431520436,0.37055845446639335,0.0,0.25380927147512355,0.24451502978801046,0.0,0.0,832.5427206114524,0.25632366871489204,0.134375,0.17916666666666667,0,0,1,1,1,1
unknown,0.03697805544578304,0.0,1.7,0.3869095518982318,0.21892272893217865,0.06666666666666667,0.25318430917253965,0.14029699951555816,0.0,0.0,783.5842471666795,0.2355930178280782,0.13437500000000002,0.1791666666666667,1,0,1,1,1,1
unknown,0.21685583011174892,0.19975090393984202,0.16666666666666666,0.4154949053016236,0.3920733582900872,0.0,0.3016484352010874,0.28113252463594685,0.2707348875854837,0.2576971464191454,399.8347305121903,0.38365489150268517,0.1875,0.25,0,1,1,1,1,1
unknown,0.1613263305030347,0.0,0.1,0.31446910416054213,0.26201794428088654,0.03333333333333333,0.20764056648326532,0.13071622931505705,0.16623113715042773,0.002005705063086576,999.0,999.0,0.1864583333333333,0.24861111111111112,0,0,1,1,1,1
unknown,0.005078179858476629,0.0,0.36666666666666664,0.45511276691033814,0.36105635712061873,0.0,0.288317455866846,0.18200441235677586,0.15178041358072722,0.09286874796148281,817.4086791227626,0.24663546091251118,0.11732954545454546,0.15643939393939393,0,0,1,1,1,1
unknown,0.0,0.0,0.06666666666666667,0.3785520449895033,0.3583614569694445,0.0,0.18405561396219045,0.16996570184397222,0.11801491856022855,0.11103266502855136,999.0,999.0,0.1140625,0.15208333333333335,0,0,1,1,0,1
unknown,0.05049756637244423,0.0,0.23333333333333334,0.5173854644708872,0.4252962587036011,0.0,0.34256612258659197,0.23544459186071887,0.2127395323394627,0.18768279201242635,999.0,999.0,0.12187499999999998,0.1625,0,0,1,1,1,1
unknown,0.11091978193862047,0.03945569982744153,0.7333333333333333,0.5230825291419602,0.48676655832374593,0.0,0.36466554379139793,0.32186294508257324,0.19177815908917137,0.14931297005386837,726.625824385653,0.23277590422188635,0.12187500000000004,0.16250000000000003,0,0,1,1,1,1
unknown,0.05254281883159363,0.04135179326162963,0.06666666666666667,0.5986252611091742,0.5893384536108668,0.0,0.4134378959503813,0.41299678577516047,0.22277869984452245,0.21640218325785424,999.0,999.0,0.121875,0.1625,0,0,1,1,1,1
unknown,0.107381282932527,0.0,1.4333333333333333,0.5727408488142888,0.27094158479275,0.03333333333333333,0.3896549608326063,0.10305963555260719,0.2179403501101372,0.06597926301392854,888.04414689807,0.31115307549816007,0.12395833333333334,0.16527777777777775,0,0,1,1,1,1
unknown,0.02791030073635281,0.02791030073635281,0.03333333333333333,0.3833856643668811,0.3833856643668811,0.0,0.26329954528413985,0.26329954528413985,0.0,0.0,0.06019008885396991,0.06019008885396991,0.121875,0.1625,0,0,0,1,1,1
unknown,0.20044562654157924,0.20044562654157924,0.03333333333333333,0.4434607056816005,0.4434607056816005,0.0,0.3425481829159503,0.3425481829159503,0.2470267423224597,0.2470267423224597,0.24193633801738756,0.24193633801738756,0.128125,0.17083333333333334,0,0,1,1,1,1
unknown,0.01993086624033851,0.0,0.3333333333333333,0.5037726297974647,0.3804539496201145,0.0,0.4212146387672237,0.34741207570523125,0.002302218752019014,0.0,0.10257078812657405,0.06170560718451657,0.11906249999999999,0.15875,0,0,1,1,1,1
unknown,0.13778394976692174,0.13108380866233807,0.1,0.28058419219900754,0.2674056784520937,0.06666666666666667,0.20922802530289986,0.19895535932428188,0.0,0.0,0.1057185222622103,0.07549283561711037,0.109375,0.14583333333333334,0,0,1,1,1,1
unknown,0.1755237062785265,0.17244821187665454,0.1,0.3820796692374584,0.3760608254257243,0.0,0.2516124405102002,0.24556825522988396,0.17927603731026506,0.1731078817750055,0.33602713584665017,0.311290911968109,0.109375,0.14583333333333334,0,0,1,1,1,1
unknown,0.010080175992049651,0.010080175992049651,0.03333333333333333,0.5538398783672054,0.5538398783672054,0.0,0.4452335317858225,0.4452335317858225,0.07338688985598776,0.07338688985598776,0.07762352011573355,0.07762352011573355,0.1125,0.15,0,0,0,1,1,1
unknown,0.11434613680123215,0.0,0.23333333333333334,0.4359577536605981,0.22682685843939762,0.06666666666666667,0.3625882542277475,0.20913508049402238,0.013870658753614828,0.0,0.03188094434645067,0.0,0.12544642857142857,0.16726190476190478,0,0,1,1,1,1
unknown,0.0915540656733327,0.0,0.16666666666666666,0.6390265047479652,0.5466833027456145,0.0,0.5257562511524609,0.4504350771181818,0.08992637644659622,0.07334997311423283,0.06965034862580625,0.048998134767306765,0.125,0.16666666666666666,0,0,1,1,1,1
unknown,0.015285118649359528,0.0,0.3,0.5210163017700179,0.4849335513900131,0.0,0.33600804705032733,0.31496718214015823,0.04039372773007528,0.0,777.0585046850514,0.25882012168674373,0.18125,0.24166666666666664,0,0,1,1,1,1
unknown,0.0006826251516112231,0.0,2.6,0.46959111206672166,0.3181164416988015,0.0,0.2786500815151974,0.1956320581386739,0.020468681331935912,0.0,922.1650269962116,0.07082480349805063,0.17852564102564103,0.23803418803418808,0,0,1,1,1,1
unknown,0.0,0.0,0.03333333333333333,0.4345310186652298,0.4345310186652298,0.0,0.32275837089944925,0.32275837089944925,0.0,0.0,0.08441332494249719,0.08441332494249719,0.1375,0.18333333333333332,0,0,1,1,1,1
unknown,0.26804077746458954,0.17944166263085343,0.16666666666666666,0.2987349277590524,0.07779069635616162,0.1,0.2077347028505473,0.0,0.31765591863401227,0.17238946125449928,333.4591306043304,0.5272426356215034,0.14375,0.19166666666666668,0,0,0,0,0,1
unknown,0.3219880771123145,0.3219880771123145,0.03333333333333333,0.53349170207914,0.53349170207914,0.0,0.41385532608932507,0.41385532608932507,0.43299284248764636,0.43299284248764636,999.0,999.0,0.140625,0.1875,0,0,0,0,0,1
unknown,0.7646972310740829,0.0,0.13333333333333333,0.8451088246293936,0.18427151216185364,0.13333333333333333,0.7302667243506324,0.13311226981054164,0.5271952597147376,0.0,0.5315292325852607,0.0,0.110546875,0.14739583333333334,0,0,0,0,1,1
unknown,0.019131152825602297,0.0,0.1,0.1780967215834258,0.14019375005445298,0.1,0.01928314262942542,0.0,0.09076231666882521,0.056478543451026375,666.1136458669665,0.340937600899386,0.11354166666666667,0.1513888888888889,0,0,0,0,1,1
unknown,0.09763682330697217,0.0,0.4,0.480305339749827,0.27272287623039354,0.03333333333333333,0.3311265070890131,0.10635486336150901,0.10733593682240432,0.0,83.4016275114638,0.0,0.11406250000000001,0.15208333333333332,0,0,1,1,1,1
unknown,0.17634891581347167,0.0,0.23333333333333334,0.5000296087960444,0.35100728634077893,0.0,0.3050104558020531,0.2171347758792142,0.23065517112264736,0.07548965409619433,899.1040412275634,0.04041227563400203,0.14999999999999997,0.2,0,0,1,1,1,1
unknown,0.0,0.0,0.03333333333333333,0.33378224678483376,0.33378224678483376,0.0,0.23846550444647674,0.23846550444647674,0.0,0.0,0.06958384866858182,0.06958384866858182,0.125,0.16666666666666666,0,0,0,1,1,1
unknown,0.0,0.0,0.03333333333333333,0.38189826484257233,0.38189826484257233,0.0,0.3410752548049989,0.3410752548049989,0.0,0.0,0.08567690071128731,0.08567690071128731,0.125,0.16666666666666666,0,0,1,1,1,1
unknown,0.0,0.0,0.06666666666666667,0.45759666835772306,0.4565487196378707,0.0,0.33677386744023474,0.33557781641038603,0.04141455088324014,0.04090816695542009,0.2489574344135827,0.24610308443817722,0.1125,0.15,0,0,1,1,1,1
unknown,0.0,0.0,0.03333333333333333,0.2683868962429992,0.2683868962429992,0.03333333333333333,0.13567861106529494,0.13567861106529494,0.0,0.0,999.0,999.0,0.221875,0.29583333333333334,0,0,1,1,1,1
unknown,0.3720579419709963,0.2278750130846618,0.1,0.4202737469983689,0.1797798679856685,0.1,0.33669197070788315,0.08515724993998265,0.42297796296516116,0.25002145438652057,333.5182670068036,0.5670007375851941,0.14375,0.19166666666666668,0,0,0,0,0,1
unknown,0.33740358784347,0.0,0.16666666666666666,0.4615529579817281,0.17574069545268423,0.1,0.373999421940497,0.10743130797479634,0.22729242696581045,0.0,0.1837760055999265,0.0,0.097265625,0.1296875,0,0,0,0,1,1
unknown,0.004091057223478949,0.0,0.36666666666666664,0.3573870032285695,0.1462136464343498,0.06666666666666667,0.2303476181790557,0.004430540232347459,0.014459400008815909,0.0,90.96552559339344,0.024852233572631565,0.11363636363636366,0.15151515151515155,0,0,1,1,1,1
unknown,0.0031075437322727923,0.0,0.06666666666666667,0.4921219515210228,0.46872650302659286,0.0,0.38263580975760647,0.3582244266018724,0.0,0.0,0.21302211948706312,0.2064471151946314,0.10625000000000001,0.14166666666666666,0,0,1,1,1,1
unknown,0.6457385395860208,0.5252863636101338,0.0,0.7937219904797818,0.7154815107523387,0.0,0.6427542185131953,0.5672529604071405,0.449113036185943,0.3908437507814288,0.44418484664907726,0.3712842489664112,0.096875,0.12916666666666668,0,0,0,0,0,1
unknown,0.07869511811427948,0.0,0.26666666666666666,0.2196564257402687,0.11506974326969235,0.26666666666666666,0.18879368721245968,0.03376406686947415,0.11013558200968235,0.0,0.04984322545218499,0.0,0.09783653846153847,0.13044871794871796,0,0,0,0,1,1
unknown,0.04096752500816217,0.019021781795515058,0.06666666666666667,0.16322764637614295,0.16298459188863135,0.06666666666666667,0.015277525385618176,0.012684910721815252,0.11682652853536216,0.11355413911134911,499.7237478207117,0.44749564142336845,0.109375,0.14583333333333334,0,0,1,1,0,1
unknown,0.005408980746299336,0.0,0.23333333333333334,0.2546815928590202,0.16742717912393304,0.13333333333333333,0.12753330395428833,0.04689262416110314,0.005282220694744558,0.0,0.24740069500629297,0.1720217413614175,0.109375,0.14583333333333334,0,0,1,1,1,1
unknown,0.5178000959509299,0.4017479384705346,0.0,0.6653895146125134,0.5924345045398832,0.0,0.5143443569302623,0.4439514690742804,0.32088688984814145,0.26730532564182957,0.3204347620827506,0.25008504614281074,0.096875,0.12916666666666668,0,0,0,0,0,1
unknown,0.051192514226925424,0.0,0.43333333333333335,0.2308469398164434,0.1004376823787915,0.1,0.23814191452497674,0.10462879605872676,0.212727630681025,0.0,0.13362193442225426,0.0,0.09687500000000002,0.12916666666666668,0,0,0,0,1,1
unknown,0.018809363067080025,0.0,0.3333333333333333,0.13492433434241388,0.0346114261792917,0.3333333333333333,0.1422686124681069,0.04605731796713284,0.13664017050442787,0.0,0.0964579046430401,0.0,0.09625000000000002,0.12833333333333333,0,0,0,0,1,1
unknown,0.16493960178427536,0.0,0.1,0.3897355454637849,0.2335841819464932,0.03333333333333333,0.47794403579011596,0.2807901690427368,0.6356794449654232,0.23510553694085934,0.46888923012080763,0.09861867961785217,0.096875,0.12916666666666668,0,0,0,0,1,1
unknown,0.0,0.0,0.1,0.11951145686696057,0.0761493256853568,0.1,0.14172485987242467,0.1294755418582127,0.1258391544526636,0.10126994446806097,0.09497291707177719,0.08202430940926866,0.096875,0.12916666666666668,0,0,0,0,1,1
unknown,0.05742451082067481,0.0,0.2,0.19569275251997822,0.113177302097435,0.1,0.23283200483281474,0.11764141513820944,0.3389461096529318,0.23036742995812573,0.27528004703398046,0.19536391023232796,0.096875,0.12916666666666668,0,0,0,0,1,1
